case_id,material_class,temperature_K,theta_deg,initial_onset_classification,reinitiation_classification,final_delta_K_reinit_MPa_sqrt_m,classification_scope,tensor_state_limitation
canonical_theta0_shared__dbtt__T0300K__theta0__rate1x__seed1003621,DBTT,300.0,0.0,THETA0_REFERENCE,POSITIVE_REINITIATION_MIXED_LOCAL_DOMINANT,0.050894469567662526,exact_K_equals_C_times_U_decomposition_plus_archived_scalar_state,complete_tensor_and_exact_evolved_state_swaps_unavailable
canonical_single_crack_theta__dbtt__T0300K__theta15__rate1x__seed1003621,DBTT,300.0,15.0,UNRESOLVED,NO_REINITIATION,,exact_K_equals_C_times_U_decomposition_plus_archived_scalar_state,complete_tensor_and_exact_evolved_state_swaps_unavailable
canonical_single_crack_theta__dbtt__T0300K__theta30__rate1x__seed1003621,DBTT,300.0,30.0,UNRESOLVED,NO_REINITIATION,,exact_K_equals_C_times_U_decomposition_plus_archived_scalar_state,complete_tensor_and_exact_evolved_state_swaps_unavailable
canonical_strain_rate__dbtt__T0300K__theta45__rate1x__seed1003621,DBTT,300.0,45.0,LOWER_INITIAL_ONSET_STRUCTURAL_TRANSFER,POSITIVE_REINITIATION_MIXED_LOCAL_DOMINANT,0.05559350480658054,exact_K_equals_C_times_U_decomposition_plus_archived_scalar_state,complete_tensor_and_exact_evolved_state_swaps_unavailable
canonical_theta0_shared__dbtt__T0600K__theta0__rate1x__seed1004630,DBTT,600.0,0.0,THETA0_REFERENCE,POSITIVE_REINITIATION_MIXED_LOCAL_DOMINANT,0.03682835031190734,exact_K_equals_C_times_U_decomposition_plus_archived_scalar_state,complete_tensor_and_exact_evolved_state_swaps_unavailable
canonical_single_crack_theta__dbtt__T0600K__theta15__rate1x__seed1004630,DBTT,600.0,15.0,LOWER_INITIAL_ONSET_STRUCTURAL_TRANSFER,POSITIVE_REINITIATION_MIXED_LOCAL_DOMINANT,0.1457312047596524,exact_K_equals_C_times_U_decomposition_plus_archived_scalar_state,complete_tensor_and_exact_evolved_state_swaps_unavailable
canonical_single_crack_theta__dbtt__T0600K__theta30__rate1x__seed1004630,DBTT,600.0,30.0,UNRESOLVED,NO_REINITIATION,,exact_K_equals_C_times_U_decomposition_plus_archived_scalar_state,complete_tensor_and_exact_evolved_state_swaps_unavailable
canonical_strain_rate__dbtt__T0600K__theta45__rate1x__seed1004630,DBTT,600.0,45.0,LOWER_INITIAL_ONSET_LOCAL_TENSOR_DRIVE_OR_STATE_EVOLUTION,NO_REINITIATION,,exact_K_equals_C_times_U_decomposition_plus_archived_scalar_state,complete_tensor_and_exact_evolved_state_swaps_unavailable
canonical_theta0_shared__dbtt__T0800K__theta0__rate1x__seed1005639,DBTT,800.0,0.0,THETA0_REFERENCE,NO_REINITIATION,,exact_K_equals_C_times_U_decomposition_plus_archived_scalar_state,complete_tensor_and_exact_evolved_state_swaps_unavailable
canonical_single_crack_theta__dbtt__T0800K__theta15__rate1x__seed1005639,DBTT,800.0,15.0,UNRESOLVED,NEGATIVE_REINITIATION_SOFTENING,-0.1723129396568268,exact_K_equals_C_times_U_decomposition_plus_archived_scalar_state,complete_tensor_and_exact_evolved_state_swaps_unavailable
canonical_single_crack_theta__dbtt__T0800K__theta30__rate1x__seed1005639,DBTT,800.0,30.0,LOWER_INITIAL_ONSET_STRUCTURAL_TRANSFER,POSITIVE_REINITIATION_MIXED_LOCAL_DOMINANT,0.26579733673418815,exact_K_equals_C_times_U_decomposition_plus_archived_scalar_state,complete_tensor_and_exact_evolved_state_swaps_unavailable
canonical_strain_rate__dbtt__T0800K__theta45__rate1x__seed1005639,DBTT,800.0,45.0,LOWER_INITIAL_ONSET_LOCAL_TENSOR_DRIVE_OR_STATE_EVOLUTION,NO_REINITIATION,,exact_K_equals_C_times_U_decomposition_plus_archived_scalar_state,complete_tensor_and_exact_evolved_state_swaps_unavailable
canonical_theta0_shared__dbtt__T0900K__theta0__rate1x__seed1006648,DBTT,900.0,0.0,THETA0_REFERENCE,NO_REINITIATION,,exact_K_equals_C_times_U_decomposition_plus_archived_scalar_state,complete_tensor_and_exact_evolved_state_swaps_unavailable
canonical_single_crack_theta__dbtt__T0900K__theta15__rate1x__seed1006648,DBTT,900.0,15.0,LOWER_INITIAL_ONSET_STRUCTURAL_TRANSFER,NO_REINITIATION,,exact_K_equals_C_times_U_decomposition_plus_archived_scalar_state,complete_tensor_and_exact_evolved_state_swaps_unavailable
canonical_single_crack_theta__dbtt__T0900K__theta30__rate1x__seed1006648,DBTT,900.0,30.0,LOWER_INITIAL_ONSET_STRUCTURAL_TRANSFER,NO_REINITIATION,,exact_K_equals_C_times_U_decomposition_plus_archived_scalar_state,complete_tensor_and_exact_evolved_state_swaps_unavailable
canonical_strain_rate__dbtt__T0900K__theta45__rate1x__seed1006648,DBTT,900.0,45.0,LOWER_INITIAL_ONSET_LOCAL_TENSOR_DRIVE_OR_STATE_EVOLUTION,NO_REINITIATION,,exact_K_equals_C_times_U_decomposition_plus_archived_scalar_state,complete_tensor_and_exact_evolved_state_swaps_unavailable
canonical_theta0_shared__dbtt__T0950K__theta0__rate1x__seed1007657,DBTT,950.0,0.0,THETA0_REFERENCE,POSITIVE_REINITIATION_MIXED_LOCAL_DOMINANT,0.5790391307364047,exact_K_equals_C_times_U_decomposition_plus_archived_scalar_state,complete_tensor_and_exact_evolved_state_swaps_unavailable
canonical_single_crack_theta__dbtt__T0950K__theta15__rate1x__seed1007657,DBTT,950.0,15.0,LOWER_INITIAL_ONSET_LOCAL_TENSOR_DRIVE_OR_STATE_EVOLUTION,POSITIVE_REINITIATION_MIXED_LOCAL_DOMINANT,0.5236861470103662,exact_K_equals_C_times_U_decomposition_plus_archived_scalar_state,complete_tensor_and_exact_evolved_state_swaps_unavailable
canonical_single_crack_theta__dbtt__T0950K__theta30__rate1x__seed1007657,DBTT,950.0,30.0,LOWER_INITIAL_ONSET_LOCAL_TENSOR_DRIVE_OR_STATE_EVOLUTION,NO_REINITIATION,,exact_K_equals_C_times_U_decomposition_plus_archived_scalar_state,complete_tensor_and_exact_evolved_state_swaps_unavailable
canonical_strain_rate__dbtt__T0950K__theta45__rate1x__seed1007657,DBTT,950.0,45.0,LOWER_INITIAL_ONSET_LOCAL_TENSOR_DRIVE_OR_STATE_EVOLUTION,POSITIVE_REINITIATION_MIXED_LOCAL_DOMINANT,0.9244999585353213,exact_K_equals_C_times_U_decomposition_plus_archived_scalar_state,complete_tensor_and_exact_evolved_state_swaps_unavailable
canonical_theta0_shared__dbtt__T1000K__theta0__rate1x__seed1008666,DBTT,1000.0,0.0,THETA0_REFERENCE,NEGATIVE_REINITIATION_SOFTENING,-9.282329638132119,exact_K_equals_C_times_U_decomposition_plus_archived_scalar_state,complete_tensor_and_exact_evolved_state_swaps_unavailable
canonical_single_crack_theta__dbtt__T1000K__theta15__rate1x__seed1008666,DBTT,1000.0,15.0,LOWER_INITIAL_ONSET_LOCAL_TENSOR_DRIVE_OR_STATE_EVOLUTION,POSITIVE_REINITIATION_MIXED_LOCAL_DOMINANT,1.6164428175767114,exact_K_equals_C_times_U_decomposition_plus_archived_scalar_state,complete_tensor_and_exact_evolved_state_swaps_unavailable
canonical_single_crack_theta__dbtt__T1000K__theta30__rate1x__seed1008666,DBTT,1000.0,30.0,LOWER_INITIAL_ONSET_LOCAL_TENSOR_DRIVE_OR_STATE_EVOLUTION,POSITIVE_REINITIATION_MIXED_LOCAL_DOMINANT,2.0513388337552314,exact_K_equals_C_times_U_decomposition_plus_archived_scalar_state,complete_tensor_and_exact_evolved_state_swaps_unavailable
canonical_strain_rate__dbtt__T1000K__theta45__rate1x__seed1008666,DBTT,1000.0,45.0,LOWER_INITIAL_ONSET_LOCAL_TENSOR_DRIVE_OR_STATE_EVOLUTION,POSITIVE_REINITIATION_MIXED_LOCAL_DOMINANT,10.731874942304337,exact_K_equals_C_times_U_decomposition_plus_archived_scalar_state,complete_tensor_and_exact_evolved_state_swaps_unavailable
canonical_theta0_shared__dbtt__T1050K__theta0__rate1x__seed1009675,DBTT,1050.0,0.0,THETA0_REFERENCE,NO_REINITIATION,,exact_K_equals_C_times_U_decomposition_plus_archived_scalar_state,complete_tensor_and_exact_evolved_state_swaps_unavailable
canonical_single_crack_theta__dbtt__T1050K__theta15__rate1x__seed1009675,DBTT,1050.0,15.0,LOWER_INITIAL_ONSET_LOCAL_TENSOR_DRIVE_OR_STATE_EVOLUTION,NEGATIVE_REINITIATION_SOFTENING,-0.36508440598389313,exact_K_equals_C_times_U_decomposition_plus_archived_scalar_state,complete_tensor_and_exact_evolved_state_swaps_unavailable
canonical_single_crack_theta__dbtt__T1050K__theta30__rate1x__seed1009675,DBTT,1050.0,30.0,LOWER_INITIAL_ONSET_LOCAL_TENSOR_DRIVE_OR_STATE_EVOLUTION,POSITIVE_REINITIATION_MIXED_LOCAL_DOMINANT,5.497292273393029,exact_K_equals_C_times_U_decomposition_plus_archived_scalar_state,complete_tensor_and_exact_evolved_state_swaps_unavailable
canonical_strain_rate__dbtt__T1050K__theta45__rate1x__seed1009675,DBTT,1050.0,45.0,LOWER_INITIAL_ONSET_LOCAL_TENSOR_DRIVE_OR_STATE_EVOLUTION,POSITIVE_REINITIATION_MIXED_LOCAL_DOMINANT,12.323455091488874,exact_K_equals_C_times_U_decomposition_plus_archived_scalar_state,complete_tensor_and_exact_evolved_state_swaps_unavailable
canonical_theta0_shared__dbtt__T1100K__theta0__rate1x__seed1010684,DBTT,1100.0,0.0,THETA0_REFERENCE,NO_REINITIATION,,exact_K_equals_C_times_U_decomposition_plus_archived_scalar_state,complete_tensor_and_exact_evolved_state_swaps_unavailable
canonical_single_crack_theta__dbtt__T1100K__theta15__rate1x__seed1010684,DBTT,1100.0,15.0,LOWER_INITIAL_ONSET_LOCAL_TENSOR_DRIVE_OR_STATE_EVOLUTION,POSITIVE_REINITIATION_MIXED_LOCAL_DOMINANT,15.460794838361188,exact_K_equals_C_times_U_decomposition_plus_archived_scalar_state,complete_tensor_and_exact_evolved_state_swaps_unavailable
canonical_single_crack_theta__dbtt__T1100K__theta30__rate1x__seed1010684,DBTT,1100.0,30.0,LOWER_INITIAL_ONSET_LOCAL_TENSOR_DRIVE_OR_STATE_EVOLUTION,POSITIVE_REINITIATION_MIXED_LOCAL_DOMINANT,6.5279444441839445,exact_K_equals_C_times_U_decomposition_plus_archived_scalar_state,complete_tensor_and_exact_evolved_state_swaps_unavailable
canonical_strain_rate__dbtt__T1100K__theta45__rate1x__seed1010684,DBTT,1100.0,45.0,LOWER_INITIAL_ONSET_LOCAL_TENSOR_DRIVE_OR_STATE_EVOLUTION,POSITIVE_REINITIATION_MIXED_LOCAL_DOMINANT,13.773211016352853,exact_K_equals_C_times_U_decomposition_plus_archived_scalar_state,complete_tensor_and_exact_evolved_state_swaps_unavailable
canonical_theta0_shared__dbtt__T1150K__theta0__rate1x__seed1011693,DBTT,1150.0,0.0,THETA0_REFERENCE,NEGATIVE_REINITIATION_SOFTENING,-3.615138928465626,exact_K_equals_C_times_U_decomposition_plus_archived_scalar_state,complete_tensor_and_exact_evolved_state_swaps_unavailable
canonical_single_crack_theta__dbtt__T1150K__theta15__rate1x__seed1011693,DBTT,1150.0,15.0,LOWER_INITIAL_ONSET_LOCAL_TENSOR_DRIVE_OR_STATE_EVOLUTION,POSITIVE_REINITIATION_MIXED_LOCAL_DOMINANT,4.794252405758023,exact_K_equals_C_times_U_decomposition_plus_archived_scalar_state,complete_tensor_and_exact_evolved_state_swaps_unavailable
canonical_single_crack_theta__dbtt__T1150K__theta30__rate1x__seed1011693,DBTT,1150.0,30.0,LOWER_INITIAL_ONSET_LOCAL_TENSOR_DRIVE_OR_STATE_EVOLUTION,POSITIVE_REINITIATION_MIXED_LOCAL_DOMINANT,6.141511649639327,exact_K_equals_C_times_U_decomposition_plus_archived_scalar_state,complete_tensor_and_exact_evolved_state_swaps_unavailable
canonical_strain_rate__dbtt__T1150K__theta45__rate1x__seed1011693,DBTT,1150.0,45.0,LOWER_INITIAL_ONSET_LOCAL_TENSOR_DRIVE_OR_STATE_EVOLUTION,POSITIVE_REINITIATION_MIXED_LOCAL_DOMINANT,10.623112122906182,exact_K_equals_C_times_U_decomposition_plus_archived_scalar_state,complete_tensor_and_exact_evolved_state_swaps_unavailable
canonical_theta0_shared__dbtt__T1200K__theta0__rate1x__seed1012702,DBTT,1200.0,0.0,THETA0_REFERENCE,NEGATIVE_REINITIATION_SOFTENING,-3.3678342510601027,exact_K_equals_C_times_U_decomposition_plus_archived_scalar_state,complete_tensor_and_exact_evolved_state_swaps_unavailable
canonical_single_crack_theta__dbtt__T1200K__theta15__rate1x__seed1012702,DBTT,1200.0,15.0,LOWER_INITIAL_ONSET_LOCAL_TENSOR_DRIVE_OR_STATE_EVOLUTION,POSITIVE_REINITIATION_MIXED_LOCAL_DOMINANT,9.342086049219432,exact_K_equals_C_times_U_decomposition_plus_archived_scalar_state,complete_tensor_and_exact_evolved_state_swaps_unavailable
canonical_single_crack_theta__dbtt__T1200K__theta30__rate1x__seed1012702,DBTT,1200.0,30.0,LOWER_INITIAL_ONSET_LOCAL_TENSOR_DRIVE_OR_STATE_EVOLUTION,POSITIVE_REINITIATION_MIXED_LOCAL_DOMINANT,17.129361665955678,exact_K_equals_C_times_U_decomposition_plus_archived_scalar_state,complete_tensor_and_exact_evolved_state_swaps_unavailable
canonical_strain_rate__dbtt__T1200K__theta45__rate1x__seed1012702,DBTT,1200.0,45.0,LOWER_INITIAL_ONSET_LOCAL_TENSOR_DRIVE_OR_STATE_EVOLUTION,POSITIVE_REINITIATION_MIXED_LOCAL_DOMINANT,8.350513714942288,exact_K_equals_C_times_U_decomposition_plus_archived_scalar_state,complete_tensor_and_exact_evolved_state_swaps_unavailable
canonical_theta0_shared__dbtt__T1250K__theta0__rate1x__seed1013711,DBTT,1250.0,0.0,THETA0_REFERENCE,NEGATIVE_REINITIATION_SOFTENING,-4.685162979764144,exact_K_equals_C_times_U_decomposition_plus_archived_scalar_state,complete_tensor_and_exact_evolved_state_swaps_unavailable
canonical_single_crack_theta__dbtt__T1250K__theta15__rate1x__seed1013711,DBTT,1250.0,15.0,LOWER_INITIAL_ONSET_LOCAL_TENSOR_DRIVE_OR_STATE_EVOLUTION,POSITIVE_REINITIATION_MIXED_LOCAL_DOMINANT,10.064441838986681,exact_K_equals_C_times_U_decomposition_plus_archived_scalar_state,complete_tensor_and_exact_evolved_state_swaps_unavailable
canonical_single_crack_theta__dbtt__T1250K__theta30__rate1x__seed1013711,DBTT,1250.0,30.0,LOWER_INITIAL_ONSET_LOCAL_TENSOR_DRIVE_OR_STATE_EVOLUTION,POSITIVE_REINITIATION_MIXED_LOCAL_DOMINANT,9.149837137804461,exact_K_equals_C_times_U_decomposition_plus_archived_scalar_state,complete_tensor_and_exact_evolved_state_swaps_unavailable
canonical_strain_rate__dbtt__T1250K__theta45__rate1x__seed1013711,DBTT,1250.0,45.0,LOWER_INITIAL_ONSET_LOCAL_TENSOR_DRIVE_OR_STATE_EVOLUTION,POSITIVE_REINITIATION_MIXED_LOCAL_DOMINANT,9.562339001825976,exact_K_equals_C_times_U_decomposition_plus_archived_scalar_state,complete_tensor_and_exact_evolved_state_swaps_unavailable
canonical_theta0_shared__dbtt__T1300K__theta0__rate1x__seed1014720,DBTT,1300.0,0.0,THETA0_REFERENCE,POSITIVE_REINITIATION_MIXED_LOCAL_DOMINANT,5.383725735160169,exact_K_equals_C_times_U_decomposition_plus_archived_scalar_state,complete_tensor_and_exact_evolved_state_swaps_unavailable
canonical_single_crack_theta__dbtt__T1300K__theta15__rate1x__seed1014720,DBTT,1300.0,15.0,LOWER_INITIAL_ONSET_LOCAL_TENSOR_DRIVE_OR_STATE_EVOLUTION,POSITIVE_REINITIATION_STRUCTURAL_WAKE,16.035379990222218,exact_K_equals_C_times_U_decomposition_plus_archived_scalar_state,complete_tensor_and_exact_evolved_state_swaps_unavailable
canonical_single_crack_theta__dbtt__T1300K__theta30__rate1x__seed1014720,DBTT,1300.0,30.0,LOWER_INITIAL_ONSET_LOCAL_TENSOR_DRIVE_OR_STATE_EVOLUTION,POSITIVE_REINITIATION_STRUCTURAL_WAKE,12.194895322385577,exact_K_equals_C_times_U_decomposition_plus_archived_scalar_state,complete_tensor_and_exact_evolved_state_swaps_unavailable
canonical_strain_rate__dbtt__T1300K__theta45__rate1x__seed1014720,DBTT,1300.0,45.0,LOWER_INITIAL_ONSET_LOCAL_TENSOR_DRIVE_OR_STATE_EVOLUTION,POSITIVE_REINITIATION_STRUCTURAL_WAKE,10.669093125837328,exact_K_equals_C_times_U_decomposition_plus_archived_scalar_state,complete_tensor_and_exact_evolved_state_swaps_unavailable
canonical_theta0_shared__peak__T0300K__theta0__rate1x__seed3621,Peak,300.0,0.0,THETA0_REFERENCE,NO_REINITIATION,,exact_K_equals_C_times_U_decomposition_plus_archived_scalar_state,complete_tensor_and_exact_evolved_state_swaps_unavailable
canonical_single_crack_theta__peak__T0300K__theta15__rate1x__seed3621,Peak,300.0,15.0,UNRESOLVED,NEGATIVE_REINITIATION_SOFTENING,-0.040547793896273276,exact_K_equals_C_times_U_decomposition_plus_archived_scalar_state,complete_tensor_and_exact_evolved_state_swaps_unavailable
canonical_single_crack_theta__peak__T0300K__theta30__rate1x__seed3621,Peak,300.0,30.0,UNRESOLVED,NO_REINITIATION,,exact_K_equals_C_times_U_decomposition_plus_archived_scalar_state,complete_tensor_and_exact_evolved_state_swaps_unavailable
canonical_strain_rate__peak__T0300K__theta45__rate1x__seed3621,Peak,300.0,45.0,LOWER_INITIAL_ONSET_LOCAL_TENSOR_DRIVE_OR_STATE_EVOLUTION,NO_REINITIATION,,exact_K_equals_C_times_U_decomposition_plus_archived_scalar_state,complete_tensor_and_exact_evolved_state_swaps_unavailable
canonical_theta0_shared__peak__T0600K__theta0__rate1x__seed4630,Peak,600.0,0.0,THETA0_REFERENCE,NO_REINITIATION,,exact_K_equals_C_times_U_decomposition_plus_archived_scalar_state,complete_tensor_and_exact_evolved_state_swaps_unavailable
canonical_single_crack_theta__peak__T0600K__theta15__rate1x__seed4630,Peak,600.0,15.0,LOWER_INITIAL_ONSET_STRUCTURAL_TRANSFER,NO_REINITIATION,,exact_K_equals_C_times_U_decomposition_plus_archived_scalar_state,complete_tensor_and_exact_evolved_state_swaps_unavailable
canonical_single_crack_theta__peak__T0600K__theta30__rate1x__seed4630,Peak,600.0,30.0,LOWER_INITIAL_ONSET_STRUCTURAL_TRANSFER,NO_REINITIATION,,exact_K_equals_C_times_U_decomposition_plus_archived_scalar_state,complete_tensor_and_exact_evolved_state_swaps_unavailable
canonical_strain_rate__peak__T0600K__theta45__rate1x__seed4630,Peak,600.0,45.0,LOWER_INITIAL_ONSET_LOCAL_TENSOR_DRIVE_OR_STATE_EVOLUTION,NO_REINITIATION,,exact_K_equals_C_times_U_decomposition_plus_archived_scalar_state,complete_tensor_and_exact_evolved_state_swaps_unavailable
canonical_theta0_shared__peak__T0800K__theta0__rate1x__seed5639,Peak,800.0,0.0,THETA0_REFERENCE,NO_REINITIATION,,exact_K_equals_C_times_U_decomposition_plus_archived_scalar_state,complete_tensor_and_exact_evolved_state_swaps_unavailable
canonical_single_crack_theta__peak__T0800K__theta15__rate1x__seed5639,Peak,800.0,15.0,LOWER_INITIAL_ONSET_LOCAL_TENSOR_DRIVE_OR_STATE_EVOLUTION,NO_REINITIATION,,exact_K_equals_C_times_U_decomposition_plus_archived_scalar_state,complete_tensor_and_exact_evolved_state_swaps_unavailable
canonical_single_crack_theta__peak__T0800K__theta30__rate1x__seed5639,Peak,800.0,30.0,LOWER_INITIAL_ONSET_LOCAL_TENSOR_DRIVE_OR_STATE_EVOLUTION,NO_REINITIATION,,exact_K_equals_C_times_U_decomposition_plus_archived_scalar_state,complete_tensor_and_exact_evolved_state_swaps_unavailable
canonical_strain_rate__peak__T0800K__theta45__rate1x__seed5639,Peak,800.0,45.0,LOWER_INITIAL_ONSET_LOCAL_TENSOR_DRIVE_OR_STATE_EVOLUTION,POSITIVE_REINITIATION_MIXED_LOCAL_DOMINANT,4.2434389853706875,exact_K_equals_C_times_U_decomposition_plus_archived_scalar_state,complete_tensor_and_exact_evolved_state_swaps_unavailable
canonical_theta0_shared__peak__T0900K__theta0__rate1x__seed6648,Peak,900.0,0.0,THETA0_REFERENCE,NO_REINITIATION,,exact_K_equals_C_times_U_decomposition_plus_archived_scalar_state,complete_tensor_and_exact_evolved_state_swaps_unavailable
canonical_single_crack_theta__peak__T0900K__theta15__rate1x__seed6648,Peak,900.0,15.0,LOWER_INITIAL_ONSET_LOCAL_TENSOR_DRIVE_OR_STATE_EVOLUTION,NO_REINITIATION,,exact_K_equals_C_times_U_decomposition_plus_archived_scalar_state,complete_tensor_and_exact_evolved_state_swaps_unavailable
canonical_single_crack_theta__peak__T0900K__theta30__rate1x__seed6648,Peak,900.0,30.0,LOWER_INITIAL_ONSET_LOCAL_TENSOR_DRIVE_OR_STATE_EVOLUTION,NO_REINITIATION,,exact_K_equals_C_times_U_decomposition_plus_archived_scalar_state,complete_tensor_and_exact_evolved_state_swaps_unavailable
canonical_strain_rate__peak__T0900K__theta45__rate1x__seed6648,Peak,900.0,45.0,LOWER_INITIAL_ONSET_LOCAL_TENSOR_DRIVE_OR_STATE_EVOLUTION,POSITIVE_REINITIATION_MIXED_LOCAL_DOMINANT,7.2023337331648385,exact_K_equals_C_times_U_decomposition_plus_archived_scalar_state,complete_tensor_and_exact_evolved_state_swaps_unavailable
canonical_theta0_shared__peak__T0950K__theta0__rate1x__seed7657,Peak,950.0,0.0,THETA0_REFERENCE,NO_REINITIATION,,exact_K_equals_C_times_U_decomposition_plus_archived_scalar_state,complete_tensor_and_exact_evolved_state_swaps_unavailable
canonical_single_crack_theta__peak__T0950K__theta15__rate1x__seed7657,Peak,950.0,15.0,LOWER_INITIAL_ONSET_LOCAL_TENSOR_DRIVE_OR_STATE_EVOLUTION,NO_REINITIATION,,exact_K_equals_C_times_U_decomposition_plus_archived_scalar_state,complete_tensor_and_exact_evolved_state_swaps_unavailable
canonical_single_crack_theta__peak__T0950K__theta30__rate1x__seed7657,Peak,950.0,30.0,LOWER_INITIAL_ONSET_LOCAL_TENSOR_DRIVE_OR_STATE_EVOLUTION,NEGATIVE_REINITIATION_SOFTENING,-0.6023089710369725,exact_K_equals_C_times_U_decomposition_plus_archived_scalar_state,complete_tensor_and_exact_evolved_state_swaps_unavailable
canonical_strain_rate__peak__T0950K__theta45__rate1x__seed7657,Peak,950.0,45.0,LOWER_INITIAL_ONSET_LOCAL_TENSOR_DRIVE_OR_STATE_EVOLUTION,NO_REINITIATION,,exact_K_equals_C_times_U_decomposition_plus_archived_scalar_state,complete_tensor_and_exact_evolved_state_swaps_unavailable
canonical_theta0_shared__peak__T1000K__theta0__rate1x__seed8666,Peak,1000.0,0.0,THETA0_REFERENCE,NO_REINITIATION,,exact_K_equals_C_times_U_decomposition_plus_archived_scalar_state,complete_tensor_and_exact_evolved_state_swaps_unavailable
canonical_single_crack_theta__peak__T1000K__theta15__rate1x__seed8666,Peak,1000.0,15.0,LOWER_INITIAL_ONSET_LOCAL_TENSOR_DRIVE_OR_STATE_EVOLUTION,NO_REINITIATION,,exact_K_equals_C_times_U_decomposition_plus_archived_scalar_state,complete_tensor_and_exact_evolved_state_swaps_unavailable
canonical_single_crack_theta__peak__T1000K__theta30__rate1x__seed8666,Peak,1000.0,30.0,LOWER_INITIAL_ONSET_LOCAL_TENSOR_DRIVE_OR_STATE_EVOLUTION,NO_REINITIATION,,exact_K_equals_C_times_U_decomposition_plus_archived_scalar_state,complete_tensor_and_exact_evolved_state_swaps_unavailable
canonical_strain_rate__peak__T1000K__theta45__rate1x__seed8666,Peak,1000.0,45.0,LOWER_INITIAL_ONSET_LOCAL_TENSOR_DRIVE_OR_STATE_EVOLUTION,NO_REINITIATION,,exact_K_equals_C_times_U_decomposition_plus_archived_scalar_state,complete_tensor_and_exact_evolved_state_swaps_unavailable
canonical_theta0_shared__peak__T1050K__theta0__rate1x__seed9675,Peak,1050.0,0.0,THETA0_REFERENCE,NO_REINITIATION,,exact_K_equals_C_times_U_decomposition_plus_archived_scalar_state,complete_tensor_and_exact_evolved_state_swaps_unavailable
canonical_single_crack_theta__peak__T1050K__theta15__rate1x__seed9675,Peak,1050.0,15.0,LOWER_INITIAL_ONSET_LOCAL_TENSOR_DRIVE_OR_STATE_EVOLUTION,NO_REINITIATION,,exact_K_equals_C_times_U_decomposition_plus_archived_scalar_state,complete_tensor_and_exact_evolved_state_swaps_unavailable
canonical_single_crack_theta__peak__T1050K__theta30__rate1x__seed9675,Peak,1050.0,30.0,LOWER_INITIAL_ONSET_LOCAL_TENSOR_DRIVE_OR_STATE_EVOLUTION,NO_REINITIATION,,exact_K_equals_C_times_U_decomposition_plus_archived_scalar_state,complete_tensor_and_exact_evolved_state_swaps_unavailable
canonical_strain_rate__peak__T1050K__theta45__rate1x__seed9675,Peak,1050.0,45.0,LOWER_INITIAL_ONSET_LOCAL_TENSOR_DRIVE_OR_STATE_EVOLUTION,POSITIVE_REINITIATION_MIXED_LOCAL_DOMINANT,8.414415829256267,exact_K_equals_C_times_U_decomposition_plus_archived_scalar_state,complete_tensor_and_exact_evolved_state_swaps_unavailable
canonical_theta0_shared__peak__T1100K__theta0__rate1x__seed10684,Peak,1100.0,0.0,THETA0_REFERENCE,NO_REINITIATION,,exact_K_equals_C_times_U_decomposition_plus_archived_scalar_state,complete_tensor_and_exact_evolved_state_swaps_unavailable
canonical_single_crack_theta__peak__T1100K__theta15__rate1x__seed10684,Peak,1100.0,15.0,LOWER_INITIAL_ONSET_LOCAL_TENSOR_DRIVE_OR_STATE_EVOLUTION,NO_REINITIATION,,exact_K_equals_C_times_U_decomposition_plus_archived_scalar_state,complete_tensor_and_exact_evolved_state_swaps_unavailable
canonical_single_crack_theta__peak__T1100K__theta30__rate1x__seed10684,Peak,1100.0,30.0,LOWER_INITIAL_ONSET_LOCAL_TENSOR_DRIVE_OR_STATE_EVOLUTION,NO_REINITIATION,,exact_K_equals_C_times_U_decomposition_plus_archived_scalar_state,complete_tensor_and_exact_evolved_state_swaps_unavailable
canonical_strain_rate__peak__T1100K__theta45__rate1x__seed10684,Peak,1100.0,45.0,LOWER_INITIAL_ONSET_LOCAL_TENSOR_DRIVE_OR_STATE_EVOLUTION,NO_REINITIATION,,exact_K_equals_C_times_U_decomposition_plus_archived_scalar_state,complete_tensor_and_exact_evolved_state_swaps_unavailable
canonical_theta0_shared__peak__T1150K__theta0__rate1x__seed11693,Peak,1150.0,0.0,THETA0_REFERENCE,NO_REINITIATION,,exact_K_equals_C_times_U_decomposition_plus_archived_scalar_state,complete_tensor_and_exact_evolved_state_swaps_unavailable
canonical_single_crack_theta__peak__T1150K__theta15__rate1x__seed11693,Peak,1150.0,15.0,LOWER_INITIAL_ONSET_LOCAL_TENSOR_DRIVE_OR_STATE_EVOLUTION,NO_REINITIATION,,exact_K_equals_C_times_U_decomposition_plus_archived_scalar_state,complete_tensor_and_exact_evolved_state_swaps_unavailable
canonical_single_crack_theta__peak__T1150K__theta30__rate1x__seed11693,Peak,1150.0,30.0,LOWER_INITIAL_ONSET_LOCAL_TENSOR_DRIVE_OR_STATE_EVOLUTION,POSITIVE_REINITIATION_MIXED_LOCAL_DOMINANT,2.7484125044893517,exact_K_equals_C_times_U_decomposition_plus_archived_scalar_state,complete_tensor_and_exact_evolved_state_swaps_unavailable
canonical_strain_rate__peak__T1150K__theta45__rate1x__seed11693,Peak,1150.0,45.0,LOWER_INITIAL_ONSET_LOCAL_TENSOR_DRIVE_OR_STATE_EVOLUTION,POSITIVE_REINITIATION_MIXED_LOCAL_DOMINANT,4.68224989977686,exact_K_equals_C_times_U_decomposition_plus_archived_scalar_state,complete_tensor_and_exact_evolved_state_swaps_unavailable
canonical_theta0_shared__peak__T1200K__theta0__rate1x__seed12702,Peak,1200.0,0.0,THETA0_REFERENCE,NO_REINITIATION,,exact_K_equals_C_times_U_decomposition_plus_archived_scalar_state,complete_tensor_and_exact_evolved_state_swaps_unavailable
canonical_single_crack_theta__peak__T1200K__theta15__rate1x__seed12702,Peak,1200.0,15.0,LOWER_INITIAL_ONSET_LOCAL_TENSOR_DRIVE_OR_STATE_EVOLUTION,NO_REINITIATION,,exact_K_equals_C_times_U_decomposition_plus_archived_scalar_state,complete_tensor_and_exact_evolved_state_swaps_unavailable
canonical_single_crack_theta__peak__T1200K__theta30__rate1x__seed12702,Peak,1200.0,30.0,LOWER_INITIAL_ONSET_LOCAL_TENSOR_DRIVE_OR_STATE_EVOLUTION,POSITIVE_REINITIATION_MIXED_LOCAL_DOMINANT,1.8785227057946123,exact_K_equals_C_times_U_decomposition_plus_archived_scalar_state,complete_tensor_and_exact_evolved_state_swaps_unavailable
canonical_strain_rate__peak__T1200K__theta45__rate1x__seed12702,Peak,1200.0,45.0,LOWER_INITIAL_ONSET_LOCAL_TENSOR_DRIVE_OR_STATE_EVOLUTION,NO_REINITIATION,,exact_K_equals_C_times_U_decomposition_plus_archived_scalar_state,complete_tensor_and_exact_evolved_state_swaps_unavailable
canonical_theta0_shared__peak__T1250K__theta0__rate1x__seed13711,Peak,1250.0,0.0,THETA0_REFERENCE,NO_REINITIATION,,exact_K_equals_C_times_U_decomposition_plus_archived_scalar_state,complete_tensor_and_exact_evolved_state_swaps_unavailable
canonical_single_crack_theta__peak__T1250K__theta15__rate1x__seed13711,Peak,1250.0,15.0,LOWER_INITIAL_ONSET_LOCAL_TENSOR_DRIVE_OR_STATE_EVOLUTION,NO_REINITIATION,,exact_K_equals_C_times_U_decomposition_plus_archived_scalar_state,complete_tensor_and_exact_evolved_state_swaps_unavailable
canonical_single_crack_theta__peak__T1250K__theta30__rate1x__seed13711,Peak,1250.0,30.0,LOWER_INITIAL_ONSET_LOCAL_TENSOR_DRIVE_OR_STATE_EVOLUTION,NO_REINITIATION,,exact_K_equals_C_times_U_decomposition_plus_archived_scalar_state,complete_tensor_and_exact_evolved_state_swaps_unavailable
canonical_strain_rate__peak__T1250K__theta45__rate1x__seed13711,Peak,1250.0,45.0,LOWER_INITIAL_ONSET_LOCAL_TENSOR_DRIVE_OR_STATE_EVOLUTION,POSITIVE_REINITIATION_MIXED_LOCAL_DOMINANT,6.474528692467903,exact_K_equals_C_times_U_decomposition_plus_archived_scalar_state,complete_tensor_and_exact_evolved_state_swaps_unavailable
canonical_theta0_shared__peak__T1300K__theta0__rate1x__seed14720,Peak,1300.0,0.0,THETA0_REFERENCE,NO_REINITIATION,,exact_K_equals_C_times_U_decomposition_plus_archived_scalar_state,complete_tensor_and_exact_evolved_state_swaps_unavailable
canonical_single_crack_theta__peak__T1300K__theta15__rate1x__seed14720,Peak,1300.0,15.0,LOWER_INITIAL_ONSET_LOCAL_TENSOR_DRIVE_OR_STATE_EVOLUTION,NO_REINITIATION,,exact_K_equals_C_times_U_decomposition_plus_archived_scalar_state,complete_tensor_and_exact_evolved_state_swaps_unavailable
canonical_single_crack_theta__peak__T1300K__theta30__rate1x__seed14720,Peak,1300.0,30.0,LOWER_INITIAL_ONSET_LOCAL_TENSOR_DRIVE_OR_STATE_EVOLUTION,NO_REINITIATION,,exact_K_equals_C_times_U_decomposition_plus_archived_scalar_state,complete_tensor_and_exact_evolved_state_swaps_unavailable
canonical_strain_rate__peak__T1300K__theta45__rate1x__seed14720,Peak,1300.0,45.0,LOWER_INITIAL_ONSET_LOCAL_TENSOR_DRIVE_OR_STATE_EVOLUTION,POSITIVE_REINITIATION_MIXED_LOCAL_DOMINANT,5.7673214930398835,exact_K_equals_C_times_U_decomposition_plus_archived_scalar_state,complete_tensor_and_exact_evolved_state_swaps_unavailable
canonical_theta0_shared__ceramiclike__T0300K__theta0__rate1x__seed3003621,ceramic-like,300.0,0.0,THETA0_REFERENCE,NO_REINITIATION,,exact_K_equals_C_times_U_decomposition_plus_archived_scalar_state,complete_tensor_and_exact_evolved_state_swaps_unavailable
canonical_single_crack_theta__ceramiclike__T0300K__theta15__rate1x__seed3003621,ceramic-like,300.0,15.0,LOWER_INITIAL_ONSET_STRUCTURAL_TRANSFER,NEGATIVE_REINITIATION_SOFTENING,-0.5638698686050869,exact_K_equals_C_times_U_decomposition_plus_archived_scalar_state,complete_tensor_and_exact_evolved_state_swaps_unavailable
canonical_single_crack_theta__ceramiclike__T0300K__theta30__rate1x__seed3003621,ceramic-like,300.0,30.0,LOWER_INITIAL_ONSET_STRUCTURAL_TRANSFER,POSITIVE_REINITIATION_MIXED_LOCAL_DOMINANT,0.4033554738334466,exact_K_equals_C_times_U_decomposition_plus_archived_scalar_state,complete_tensor_and_exact_evolved_state_swaps_unavailable
canonical_strain_rate__ceramiclike__T0300K__theta45__rate1x__seed3003621,ceramic-like,300.0,45.0,UNRESOLVED,NO_REINITIATION,,exact_K_equals_C_times_U_decomposition_plus_archived_scalar_state,complete_tensor_and_exact_evolved_state_swaps_unavailable
canonical_theta0_shared__ceramiclike__T0600K__theta0__rate1x__seed3004630,ceramic-like,600.0,0.0,THETA0_REFERENCE,NEGATIVE_REINITIATION_SOFTENING,-0.43270443064663944,exact_K_equals_C_times_U_decomposition_plus_archived_scalar_state,complete_tensor_and_exact_evolved_state_swaps_unavailable
canonical_single_crack_theta__ceramiclike__T0600K__theta15__rate1x__seed3004630,ceramic-like,600.0,15.0,LOWER_INITIAL_ONSET_STRUCTURAL_TRANSFER,NEGATIVE_REINITIATION_SOFTENING,-0.3953032823515894,exact_K_equals_C_times_U_decomposition_plus_archived_scalar_state,complete_tensor_and_exact_evolved_state_swaps_unavailable
canonical_single_crack_theta__ceramiclike__T0600K__theta30__rate1x__seed3004630,ceramic-like,600.0,30.0,UNRESOLVED,NO_REINITIATION,,exact_K_equals_C_times_U_decomposition_plus_archived_scalar_state,complete_tensor_and_exact_evolved_state_swaps_unavailable
canonical_strain_rate__ceramiclike__T0600K__theta45__rate1x__seed3004630,ceramic-like,600.0,45.0,LOWER_INITIAL_ONSET_LOCAL_TENSOR_DRIVE_OR_STATE_EVOLUTION,NEGATIVE_REINITIATION_SOFTENING,-0.45185519435418975,exact_K_equals_C_times_U_decomposition_plus_archived_scalar_state,complete_tensor_and_exact_evolved_state_swaps_unavailable
canonical_theta0_shared__ceramiclike__T0800K__theta0__rate1x__seed3005639,ceramic-like,800.0,0.0,THETA0_REFERENCE,NO_REINITIATION,,exact_K_equals_C_times_U_decomposition_plus_archived_scalar_state,complete_tensor_and_exact_evolved_state_swaps_unavailable
canonical_single_crack_theta__ceramiclike__T0800K__theta15__rate1x__seed3005639,ceramic-like,800.0,15.0,LOWER_INITIAL_ONSET_LOCAL_TENSOR_DRIVE_OR_STATE_EVOLUTION,NEGATIVE_REINITIATION_SOFTENING,-0.7838593578644506,exact_K_equals_C_times_U_decomposition_plus_archived_scalar_state,complete_tensor_and_exact_evolved_state_swaps_unavailable
canonical_single_crack_theta__ceramiclike__T0800K__theta30__rate1x__seed3005639,ceramic-like,800.0,30.0,LOWER_INITIAL_ONSET_LOCAL_TENSOR_DRIVE_OR_STATE_EVOLUTION,NO_REINITIATION,,exact_K_equals_C_times_U_decomposition_plus_archived_scalar_state,complete_tensor_and_exact_evolved_state_swaps_unavailable
canonical_strain_rate__ceramiclike__T0800K__theta45__rate1x__seed3005639,ceramic-like,800.0,45.0,LOWER_INITIAL_ONSET_LOCAL_TENSOR_DRIVE_OR_STATE_EVOLUTION,NO_REINITIATION,,exact_K_equals_C_times_U_decomposition_plus_archived_scalar_state,complete_tensor_and_exact_evolved_state_swaps_unavailable
canonical_theta0_shared__ceramiclike__T0900K__theta0__rate1x__seed3006648,ceramic-like,900.0,0.0,THETA0_REFERENCE,NO_REINITIATION,,exact_K_equals_C_times_U_decomposition_plus_archived_scalar_state,complete_tensor_and_exact_evolved_state_swaps_unavailable
canonical_single_crack_theta__ceramiclike__T0900K__theta15__rate1x__seed3006648,ceramic-like,900.0,15.0,LOWER_INITIAL_ONSET_LOCAL_TENSOR_DRIVE_OR_STATE_EVOLUTION,NO_REINITIATION,,exact_K_equals_C_times_U_decomposition_plus_archived_scalar_state,complete_tensor_and_exact_evolved_state_swaps_unavailable
canonical_single_crack_theta__ceramiclike__T0900K__theta30__rate1x__seed3006648,ceramic-like,900.0,30.0,LOWER_INITIAL_ONSET_LOCAL_TENSOR_DRIVE_OR_STATE_EVOLUTION,NO_REINITIATION,,exact_K_equals_C_times_U_decomposition_plus_archived_scalar_state,complete_tensor_and_exact_evolved_state_swaps_unavailable
canonical_strain_rate__ceramiclike__T0900K__theta45__rate1x__seed3006648,ceramic-like,900.0,45.0,LOWER_INITIAL_ONSET_LOCAL_TENSOR_DRIVE_OR_STATE_EVOLUTION,POSITIVE_REINITIATION_MIXED_LOCAL_DOMINANT,0.16529413276191995,exact_K_equals_C_times_U_decomposition_plus_archived_scalar_state,complete_tensor_and_exact_evolved_state_swaps_unavailable
canonical_theta0_shared__ceramiclike__T0950K__theta0__rate1x__seed3007657,ceramic-like,950.0,0.0,THETA0_REFERENCE,NO_REINITIATION,,exact_K_equals_C_times_U_decomposition_plus_archived_scalar_state,complete_tensor_and_exact_evolved_state_swaps_unavailable
canonical_single_crack_theta__ceramiclike__T0950K__theta15__rate1x__seed3007657,ceramic-like,950.0,15.0,LOWER_INITIAL_ONSET_LOCAL_TENSOR_DRIVE_OR_STATE_EVOLUTION,NEGATIVE_REINITIATION_SOFTENING,-0.5538948365462684,exact_K_equals_C_times_U_decomposition_plus_archived_scalar_state,complete_tensor_and_exact_evolved_state_swaps_unavailable
canonical_single_crack_theta__ceramiclike__T0950K__theta30__rate1x__seed3007657,ceramic-like,950.0,30.0,LOWER_INITIAL_ONSET_LOCAL_TENSOR_DRIVE_OR_STATE_EVOLUTION,NO_REINITIATION,,exact_K_equals_C_times_U_decomposition_plus_archived_scalar_state,complete_tensor_and_exact_evolved_state_swaps_unavailable
canonical_strain_rate__ceramiclike__T0950K__theta45__rate1x__seed3007657,ceramic-like,950.0,45.0,LOWER_INITIAL_ONSET_LOCAL_TENSOR_DRIVE_OR_STATE_EVOLUTION,POSITIVE_REINITIATION_MIXED_LOCAL_DOMINANT,0.5837255545574163,exact_K_equals_C_times_U_decomposition_plus_archived_scalar_state,complete_tensor_and_exact_evolved_state_swaps_unavailable
canonical_theta0_shared__ceramiclike__T1000K__theta0__rate1x__seed3008666,ceramic-like,1000.0,0.0,THETA0_REFERENCE,NO_REINITIATION,,exact_K_equals_C_times_U_decomposition_plus_archived_scalar_state,complete_tensor_and_exact_evolved_state_swaps_unavailable
canonical_single_crack_theta__ceramiclike__T1000K__theta15__rate1x__seed3008666,ceramic-like,1000.0,15.0,LOWER_INITIAL_ONSET_LOCAL_TENSOR_DRIVE_OR_STATE_EVOLUTION,NEGATIVE_REINITIATION_SOFTENING,-1.3877899773753786,exact_K_equals_C_times_U_decomposition_plus_archived_scalar_state,complete_tensor_and_exact_evolved_state_swaps_unavailable
canonical_single_crack_theta__ceramiclike__T1000K__theta30__rate1x__seed3008666,ceramic-like,1000.0,30.0,LOWER_INITIAL_ONSET_LOCAL_TENSOR_DRIVE_OR_STATE_EVOLUTION,POSITIVE_REINITIATION_MIXED_LOCAL_DOMINANT,0.08729724781026249,exact_K_equals_C_times_U_decomposition_plus_archived_scalar_state,complete_tensor_and_exact_evolved_state_swaps_unavailable
canonical_strain_rate__ceramiclike__T1000K__theta45__rate1x__seed3008666,ceramic-like,1000.0,45.0,LOWER_INITIAL_ONSET_LOCAL_TENSOR_DRIVE_OR_STATE_EVOLUTION,NO_REINITIATION,,exact_K_equals_C_times_U_decomposition_plus_archived_scalar_state,complete_tensor_and_exact_evolved_state_swaps_unavailable
canonical_theta0_shared__ceramiclike__T1050K__theta0__rate1x__seed3009675,ceramic-like,1050.0,0.0,THETA0_REFERENCE,NEGATIVE_REINITIATION_SOFTENING,-1.201655037738485,exact_K_equals_C_times_U_decomposition_plus_archived_scalar_state,complete_tensor_and_exact_evolved_state_swaps_unavailable
canonical_single_crack_theta__ceramiclike__T1050K__theta15__rate1x__seed3009675,ceramic-like,1050.0,15.0,LOWER_INITIAL_ONSET_LOCAL_TENSOR_DRIVE_OR_STATE_EVOLUTION,NEGATIVE_REINITIATION_SOFTENING,-1.314050325229191,exact_K_equals_C_times_U_decomposition_plus_archived_scalar_state,complete_tensor_and_exact_evolved_state_swaps_unavailable
canonical_single_crack_theta__ceramiclike__T1050K__theta30__rate1x__seed3009675,ceramic-like,1050.0,30.0,LOWER_INITIAL_ONSET_LOCAL_TENSOR_DRIVE_OR_STATE_EVOLUTION,NO_REINITIATION,,exact_K_equals_C_times_U_decomposition_plus_archived_scalar_state,complete_tensor_and_exact_evolved_state_swaps_unavailable
canonical_strain_rate__ceramiclike__T1050K__theta45__rate1x__seed3009675,ceramic-like,1050.0,45.0,LOWER_INITIAL_ONSET_LOCAL_TENSOR_DRIVE_OR_STATE_EVOLUTION,NO_REINITIATION,,exact_K_equals_C_times_U_decomposition_plus_archived_scalar_state,complete_tensor_and_exact_evolved_state_swaps_unavailable
canonical_theta0_shared__ceramiclike__T1100K__theta0__rate1x__seed3010684,ceramic-like,1100.0,0.0,THETA0_REFERENCE,NEGATIVE_REINITIATION_SOFTENING,-0.3245142287378293,exact_K_equals_C_times_U_decomposition_plus_archived_scalar_state,complete_tensor_and_exact_evolved_state_swaps_unavailable
canonical_single_crack_theta__ceramiclike__T1100K__theta15__rate1x__seed3010684,ceramic-like,1100.0,15.0,LOWER_INITIAL_ONSET_LOCAL_TENSOR_DRIVE_OR_STATE_EVOLUTION,NO_REINITIATION,,exact_K_equals_C_times_U_decomposition_plus_archived_scalar_state,complete_tensor_and_exact_evolved_state_swaps_unavailable
canonical_single_crack_theta__ceramiclike__T1100K__theta30__rate1x__seed3010684,ceramic-like,1100.0,30.0,LOWER_INITIAL_ONSET_LOCAL_TENSOR_DRIVE_OR_STATE_EVOLUTION,NO_REINITIATION,,exact_K_equals_C_times_U_decomposition_plus_archived_scalar_state,complete_tensor_and_exact_evolved_state_swaps_unavailable
canonical_strain_rate__ceramiclike__T1100K__theta45__rate1x__seed3010684,ceramic-like,1100.0,45.0,LOWER_INITIAL_ONSET_LOCAL_TENSOR_DRIVE_OR_STATE_EVOLUTION,NO_REINITIATION,,exact_K_equals_C_times_U_decomposition_plus_archived_scalar_state,complete_tensor_and_exact_evolved_state_swaps_unavailable
canonical_theta0_shared__ceramiclike__T1150K__theta0__rate1x__seed3011693,ceramic-like,1150.0,0.0,THETA0_REFERENCE,NO_REINITIATION,,exact_K_equals_C_times_U_decomposition_plus_archived_scalar_state,complete_tensor_and_exact_evolved_state_swaps_unavailable
canonical_single_crack_theta__ceramiclike__T1150K__theta15__rate1x__seed3011693,ceramic-like,1150.0,15.0,LOWER_INITIAL_ONSET_LOCAL_TENSOR_DRIVE_OR_STATE_EVOLUTION,NO_REINITIATION,,exact_K_equals_C_times_U_decomposition_plus_archived_scalar_state,complete_tensor_and_exact_evolved_state_swaps_unavailable
canonical_single_crack_theta__ceramiclike__T1150K__theta30__rate1x__seed3011693,ceramic-like,1150.0,30.0,LOWER_INITIAL_ONSET_LOCAL_TENSOR_DRIVE_OR_STATE_EVOLUTION,NO_REINITIATION,,exact_K_equals_C_times_U_decomposition_plus_archived_scalar_state,complete_tensor_and_exact_evolved_state_swaps_unavailable
canonical_strain_rate__ceramiclike__T1150K__theta45__rate1x__seed3011693,ceramic-like,1150.0,45.0,LOWER_INITIAL_ONSET_LOCAL_TENSOR_DRIVE_OR_STATE_EVOLUTION,NO_REINITIATION,,exact_K_equals_C_times_U_decomposition_plus_archived_scalar_state,complete_tensor_and_exact_evolved_state_swaps_unavailable
canonical_theta0_shared__ceramiclike__T1200K__theta0__rate1x__seed3012702,ceramic-like,1200.0,0.0,THETA0_REFERENCE,NO_REINITIATION,,exact_K_equals_C_times_U_decomposition_plus_archived_scalar_state,complete_tensor_and_exact_evolved_state_swaps_unavailable
canonical_single_crack_theta__ceramiclike__T1200K__theta15__rate1x__seed3012702,ceramic-like,1200.0,15.0,LOWER_INITIAL_ONSET_LOCAL_TENSOR_DRIVE_OR_STATE_EVOLUTION,NEGATIVE_REINITIATION_SOFTENING,-1.048437866924047,exact_K_equals_C_times_U_decomposition_plus_archived_scalar_state,complete_tensor_and_exact_evolved_state_swaps_unavailable
canonical_single_crack_theta__ceramiclike__T1200K__theta30__rate1x__seed3012702,ceramic-like,1200.0,30.0,LOWER_INITIAL_ONSET_LOCAL_TENSOR_DRIVE_OR_STATE_EVOLUTION,POSITIVE_REINITIATION_MIXED_LOCAL_DOMINANT,0.5078351668761272,exact_K_equals_C_times_U_decomposition_plus_archived_scalar_state,complete_tensor_and_exact_evolved_state_swaps_unavailable
canonical_strain_rate__ceramiclike__T1200K__theta45__rate1x__seed3012702,ceramic-like,1200.0,45.0,LOWER_INITIAL_ONSET_LOCAL_TENSOR_DRIVE_OR_STATE_EVOLUTION,POSITIVE_REINITIATION_MIXED_LOCAL_DOMINANT,0.5584421600550016,exact_K_equals_C_times_U_decomposition_plus_archived_scalar_state,complete_tensor_and_exact_evolved_state_swaps_unavailable
canonical_theta0_shared__ceramiclike__T1250K__theta0__rate1x__seed3013711,ceramic-like,1250.0,0.0,THETA0_REFERENCE,NO_REINITIATION,,exact_K_equals_C_times_U_decomposition_plus_archived_scalar_state,complete_tensor_and_exact_evolved_state_swaps_unavailable
canonical_single_crack_theta__ceramiclike__T1250K__theta15__rate1x__seed3013711,ceramic-like,1250.0,15.0,LOWER_INITIAL_ONSET_LOCAL_TENSOR_DRIVE_OR_STATE_EVOLUTION,NEGATIVE_REINITIATION_SOFTENING,-0.32838350395216587,exact_K_equals_C_times_U_decomposition_plus_archived_scalar_state,complete_tensor_and_exact_evolved_state_swaps_unavailable
canonical_single_crack_theta__ceramiclike__T1250K__theta30__rate1x__seed3013711,ceramic-like,1250.0,30.0,LOWER_INITIAL_ONSET_LOCAL_TENSOR_DRIVE_OR_STATE_EVOLUTION,NEGATIVE_REINITIATION_SOFTENING,-0.212069064874985,exact_K_equals_C_times_U_decomposition_plus_archived_scalar_state,complete_tensor_and_exact_evolved_state_swaps_unavailable
canonical_strain_rate__ceramiclike__T1250K__theta45__rate1x__seed3013711,ceramic-like,1250.0,45.0,LOWER_INITIAL_ONSET_LOCAL_TENSOR_DRIVE_OR_STATE_EVOLUTION,NO_REINITIATION,,exact_K_equals_C_times_U_decomposition_plus_archived_scalar_state,complete_tensor_and_exact_evolved_state_swaps_unavailable
canonical_theta0_shared__ceramiclike__T1300K__theta0__rate1x__seed3014720,ceramic-like,1300.0,0.0,THETA0_REFERENCE,NEGATIVE_REINITIATION_SOFTENING,-0.37476141051298306,exact_K_equals_C_times_U_decomposition_plus_archived_scalar_state,complete_tensor_and_exact_evolved_state_swaps_unavailable
canonical_single_crack_theta__ceramiclike__T1300K__theta15__rate1x__seed3014720,ceramic-like,1300.0,15.0,LOWER_INITIAL_ONSET_LOCAL_TENSOR_DRIVE_OR_STATE_EVOLUTION,NO_REINITIATION,,exact_K_equals_C_times_U_decomposition_plus_archived_scalar_state,complete_tensor_and_exact_evolved_state_swaps_unavailable
canonical_single_crack_theta__ceramiclike__T1300K__theta30__rate1x__seed3014720,ceramic-like,1300.0,30.0,LOWER_INITIAL_ONSET_LOCAL_TENSOR_DRIVE_OR_STATE_EVOLUTION,NO_REINITIATION,,exact_K_equals_C_times_U_decomposition_plus_archived_scalar_state,complete_tensor_and_exact_evolved_state_swaps_unavailable
canonical_strain_rate__ceramiclike__T1300K__theta45__rate1x__seed3014720,ceramic-like,1300.0,45.0,LOWER_INITIAL_ONSET_LOCAL_TENSOR_DRIVE_OR_STATE_EVOLUTION,POSITIVE_REINITIATION_MIXED_LOCAL_DOMINANT,0.5655537926826604,exact_K_equals_C_times_U_decomposition_plus_archived_scalar_state,complete_tensor_and_exact_evolved_state_swaps_unavailable
canonical_theta0_shared__weakt__T0300K__theta0__rate1x__seed2003621,weak-T,300.0,0.0,THETA0_REFERENCE,NO_REINITIATION,,exact_K_equals_C_times_U_decomposition_plus_archived_scalar_state,complete_tensor_and_exact_evolved_state_swaps_unavailable
canonical_single_crack_theta__weakt__T0300K__theta15__rate1x__seed2003621,weak-T,300.0,15.0,LOWER_INITIAL_ONSET_LOCAL_TENSOR_DRIVE_OR_STATE_EVOLUTION,POSITIVE_REINITIATION_MIXED_LOCAL_DOMINANT,0.7201739258496538,exact_K_equals_C_times_U_decomposition_plus_archived_scalar_state,complete_tensor_and_exact_evolved_state_swaps_unavailable
canonical_single_crack_theta__weakt__T0300K__theta30__rate1x__seed2003621,weak-T,300.0,30.0,LOWER_INITIAL_ONSET_LOCAL_TENSOR_DRIVE_OR_STATE_EVOLUTION,NO_REINITIATION,,exact_K_equals_C_times_U_decomposition_plus_archived_scalar_state,complete_tensor_and_exact_evolved_state_swaps_unavailable
canonical_strain_rate__weakt__T0300K__theta45__rate1x__seed2003621,weak-T,300.0,45.0,LOWER_INITIAL_ONSET_LOCAL_TENSOR_DRIVE_OR_STATE_EVOLUTION,NO_REINITIATION,,exact_K_equals_C_times_U_decomposition_plus_archived_scalar_state,complete_tensor_and_exact_evolved_state_swaps_unavailable
canonical_theta0_shared__weakt__T0600K__theta0__rate1x__seed2004630,weak-T,600.0,0.0,THETA0_REFERENCE,NEGATIVE_REINITIATION_SOFTENING,-2.7673490532796485,exact_K_equals_C_times_U_decomposition_plus_archived_scalar_state,complete_tensor_and_exact_evolved_state_swaps_unavailable
canonical_single_crack_theta__weakt__T0600K__theta15__rate1x__seed2004630,weak-T,600.0,15.0,LOWER_INITIAL_ONSET_LOCAL_TENSOR_DRIVE_OR_STATE_EVOLUTION,NO_REINITIATION,,exact_K_equals_C_times_U_decomposition_plus_archived_scalar_state,complete_tensor_and_exact_evolved_state_swaps_unavailable
canonical_single_crack_theta__weakt__T0600K__theta30__rate1x__seed2004630,weak-T,600.0,30.0,LOWER_INITIAL_ONSET_LOCAL_TENSOR_DRIVE_OR_STATE_EVOLUTION,NO_REINITIATION,,exact_K_equals_C_times_U_decomposition_plus_archived_scalar_state,complete_tensor_and_exact_evolved_state_swaps_unavailable
canonical_strain_rate__weakt__T0600K__theta45__rate1x__seed2004630,weak-T,600.0,45.0,LOWER_INITIAL_ONSET_LOCAL_TENSOR_DRIVE_OR_STATE_EVOLUTION,NO_REINITIATION,,exact_K_equals_C_times_U_decomposition_plus_archived_scalar_state,complete_tensor_and_exact_evolved_state_swaps_unavailable
canonical_theta0_shared__weakt__T0800K__theta0__rate1x__seed2005639,weak-T,800.0,0.0,THETA0_REFERENCE,NEGATIVE_REINITIATION_SOFTENING,-2.9781938627671174,exact_K_equals_C_times_U_decomposition_plus_archived_scalar_state,complete_tensor_and_exact_evolved_state_swaps_unavailable
canonical_single_crack_theta__weakt__T0800K__theta15__rate1x__seed2005639,weak-T,800.0,15.0,LOWER_INITIAL_ONSET_LOCAL_TENSOR_DRIVE_OR_STATE_EVOLUTION,NO_REINITIATION,,exact_K_equals_C_times_U_decomposition_plus_archived_scalar_state,complete_tensor_and_exact_evolved_state_swaps_unavailable
canonical_single_crack_theta__weakt__T0800K__theta30__rate1x__seed2005639,weak-T,800.0,30.0,LOWER_INITIAL_ONSET_LOCAL_TENSOR_DRIVE_OR_STATE_EVOLUTION,POSITIVE_REINITIATION_MIXED_LOCAL_DOMINANT,1.277714293813741,exact_K_equals_C_times_U_decomposition_plus_archived_scalar_state,complete_tensor_and_exact_evolved_state_swaps_unavailable
canonical_strain_rate__weakt__T0800K__theta45__rate1x__seed2005639,weak-T,800.0,45.0,LOWER_INITIAL_ONSET_LOCAL_TENSOR_DRIVE_OR_STATE_EVOLUTION,NO_REINITIATION,,exact_K_equals_C_times_U_decomposition_plus_archived_scalar_state,complete_tensor_and_exact_evolved_state_swaps_unavailable
canonical_theta0_shared__weakt__T0900K__theta0__rate1x__seed2006648,weak-T,900.0,0.0,THETA0_REFERENCE,NO_REINITIATION,,exact_K_equals_C_times_U_decomposition_plus_archived_scalar_state,complete_tensor_and_exact_evolved_state_swaps_unavailable
canonical_single_crack_theta__weakt__T0900K__theta15__rate1x__seed2006648,weak-T,900.0,15.0,LOWER_INITIAL_ONSET_LOCAL_TENSOR_DRIVE_OR_STATE_EVOLUTION,NO_REINITIATION,,exact_K_equals_C_times_U_decomposition_plus_archived_scalar_state,complete_tensor_and_exact_evolved_state_swaps_unavailable
canonical_single_crack_theta__weakt__T0900K__theta30__rate1x__seed2006648,weak-T,900.0,30.0,LOWER_INITIAL_ONSET_LOCAL_TENSOR_DRIVE_OR_STATE_EVOLUTION,NO_REINITIATION,,exact_K_equals_C_times_U_decomposition_plus_archived_scalar_state,complete_tensor_and_exact_evolved_state_swaps_unavailable
canonical_strain_rate__weakt__T0900K__theta45__rate1x__seed2006648,weak-T,900.0,45.0,LOWER_INITIAL_ONSET_LOCAL_TENSOR_DRIVE_OR_STATE_EVOLUTION,NO_REINITIATION,,exact_K_equals_C_times_U_decomposition_plus_archived_scalar_state,complete_tensor_and_exact_evolved_state_swaps_unavailable
canonical_theta0_shared__weakt__T0950K__theta0__rate1x__seed2007657,weak-T,950.0,0.0,THETA0_REFERENCE,NO_REINITIATION,,exact_K_equals_C_times_U_decomposition_plus_archived_scalar_state,complete_tensor_and_exact_evolved_state_swaps_unavailable
canonical_single_crack_theta__weakt__T0950K__theta15__rate1x__seed2007657,weak-T,950.0,15.0,LOWER_INITIAL_ONSET_LOCAL_TENSOR_DRIVE_OR_STATE_EVOLUTION,NEGATIVE_REINITIATION_SOFTENING,-2.5680040831163637,exact_K_equals_C_times_U_decomposition_plus_archived_scalar_state,complete_tensor_and_exact_evolved_state_swaps_unavailable
canonical_single_crack_theta__weakt__T0950K__theta30__rate1x__seed2007657,weak-T,950.0,30.0,LOWER_INITIAL_ONSET_LOCAL_TENSOR_DRIVE_OR_STATE_EVOLUTION,POSITIVE_REINITIATION_MIXED_LOCAL_DOMINANT,1.549295927396333,exact_K_equals_C_times_U_decomposition_plus_archived_scalar_state,complete_tensor_and_exact_evolved_state_swaps_unavailable
canonical_strain_rate__weakt__T0950K__theta45__rate1x__seed2007657,weak-T,950.0,45.0,LOWER_INITIAL_ONSET_LOCAL_TENSOR_DRIVE_OR_STATE_EVOLUTION,POSITIVE_REINITIATION_MIXED_LOCAL_DOMINANT,2.0862710331709664,exact_K_equals_C_times_U_decomposition_plus_archived_scalar_state,complete_tensor_and_exact_evolved_state_swaps_unavailable
canonical_theta0_shared__weakt__T1000K__theta0__rate1x__seed2008666,weak-T,1000.0,0.0,THETA0_REFERENCE,NO_REINITIATION,,exact_K_equals_C_times_U_decomposition_plus_archived_scalar_state,complete_tensor_and_exact_evolved_state_swaps_unavailable
canonical_single_crack_theta__weakt__T1000K__theta15__rate1x__seed2008666,weak-T,1000.0,15.0,LOWER_INITIAL_ONSET_LOCAL_TENSOR_DRIVE_OR_STATE_EVOLUTION,NO_REINITIATION,,exact_K_equals_C_times_U_decomposition_plus_archived_scalar_state,complete_tensor_and_exact_evolved_state_swaps_unavailable
canonical_single_crack_theta__weakt__T1000K__theta30__rate1x__seed2008666,weak-T,1000.0,30.0,LOWER_INITIAL_ONSET_LOCAL_TENSOR_DRIVE_OR_STATE_EVOLUTION,NO_REINITIATION,,exact_K_equals_C_times_U_decomposition_plus_archived_scalar_state,complete_tensor_and_exact_evolved_state_swaps_unavailable
canonical_strain_rate__weakt__T1000K__theta45__rate1x__seed2008666,weak-T,1000.0,45.0,LOWER_INITIAL_ONSET_LOCAL_TENSOR_DRIVE_OR_STATE_EVOLUTION,POSITIVE_REINITIATION_MIXED_LOCAL_DOMINANT,2.129568555583358,exact_K_equals_C_times_U_decomposition_plus_archived_scalar_state,complete_tensor_and_exact_evolved_state_swaps_unavailable
canonical_theta0_shared__weakt__T1050K__theta0__rate1x__seed2009675,weak-T,1050.0,0.0,THETA0_REFERENCE,NO_REINITIATION,,exact_K_equals_C_times_U_decomposition_plus_archived_scalar_state,complete_tensor_and_exact_evolved_state_swaps_unavailable
canonical_single_crack_theta__weakt__T1050K__theta15__rate1x__seed2009675,weak-T,1050.0,15.0,LOWER_INITIAL_ONSET_LOCAL_TENSOR_DRIVE_OR_STATE_EVOLUTION,NO_REINITIATION,,exact_K_equals_C_times_U_decomposition_plus_archived_scalar_state,complete_tensor_and_exact_evolved_state_swaps_unavailable
canonical_single_crack_theta__weakt__T1050K__theta30__rate1x__seed2009675,weak-T,1050.0,30.0,LOWER_INITIAL_ONSET_LOCAL_TENSOR_DRIVE_OR_STATE_EVOLUTION,NO_REINITIATION,,exact_K_equals_C_times_U_decomposition_plus_archived_scalar_state,complete_tensor_and_exact_evolved_state_swaps_unavailable
canonical_strain_rate__weakt__T1050K__theta45__rate1x__seed2009675,weak-T,1050.0,45.0,LOWER_INITIAL_ONSET_LOCAL_TENSOR_DRIVE_OR_STATE_EVOLUTION,NO_REINITIATION,,exact_K_equals_C_times_U_decomposition_plus_archived_scalar_state,complete_tensor_and_exact_evolved_state_swaps_unavailable
canonical_theta0_shared__weakt__T1100K__theta0__rate1x__seed2010684,weak-T,1100.0,0.0,THETA0_REFERENCE,NEGATIVE_REINITIATION_SOFTENING,-3.4034054199486157,exact_K_equals_C_times_U_decomposition_plus_archived_scalar_state,complete_tensor_and_exact_evolved_state_swaps_unavailable
canonical_single_crack_theta__weakt__T1100K__theta15__rate1x__seed2010684,weak-T,1100.0,15.0,LOWER_INITIAL_ONSET_LOCAL_TENSOR_DRIVE_OR_STATE_EVOLUTION,NEGATIVE_REINITIATION_SOFTENING,-1.2334048826241286,exact_K_equals_C_times_U_decomposition_plus_archived_scalar_state,complete_tensor_and_exact_evolved_state_swaps_unavailable
canonical_single_crack_theta__weakt__T1100K__theta30__rate1x__seed2010684,weak-T,1100.0,30.0,LOWER_INITIAL_ONSET_LOCAL_TENSOR_DRIVE_OR_STATE_EVOLUTION,NO_REINITIATION,,exact_K_equals_C_times_U_decomposition_plus_archived_scalar_state,complete_tensor_and_exact_evolved_state_swaps_unavailable
canonical_strain_rate__weakt__T1100K__theta45__rate1x__seed2010684,weak-T,1100.0,45.0,LOWER_INITIAL_ONSET_LOCAL_TENSOR_DRIVE_OR_STATE_EVOLUTION,POSITIVE_REINITIATION_MIXED_LOCAL_DOMINANT,1.6218500108627047,exact_K_equals_C_times_U_decomposition_plus_archived_scalar_state,complete_tensor_and_exact_evolved_state_swaps_unavailable
canonical_theta0_shared__weakt__T1150K__theta0__rate1x__seed2011693,weak-T,1150.0,0.0,THETA0_REFERENCE,NO_REINITIATION,,exact_K_equals_C_times_U_decomposition_plus_archived_scalar_state,complete_tensor_and_exact_evolved_state_swaps_unavailable
canonical_single_crack_theta__weakt__T1150K__theta15__rate1x__seed2011693,weak-T,1150.0,15.0,LOWER_INITIAL_ONSET_LOCAL_TENSOR_DRIVE_OR_STATE_EVOLUTION,NEGATIVE_REINITIATION_SOFTENING,-2.393350005555817,exact_K_equals_C_times_U_decomposition_plus_archived_scalar_state,complete_tensor_and_exact_evolved_state_swaps_unavailable
canonical_single_crack_theta__weakt__T1150K__theta30__rate1x__seed2011693,weak-T,1150.0,30.0,LOWER_INITIAL_ONSET_LOCAL_TENSOR_DRIVE_OR_STATE_EVOLUTION,NO_REINITIATION,,exact_K_equals_C_times_U_decomposition_plus_archived_scalar_state,complete_tensor_and_exact_evolved_state_swaps_unavailable
canonical_strain_rate__weakt__T1150K__theta45__rate1x__seed2011693,weak-T,1150.0,45.0,LOWER_INITIAL_ONSET_LOCAL_TENSOR_DRIVE_OR_STATE_EVOLUTION,NO_REINITIATION,,exact_K_equals_C_times_U_decomposition_plus_archived_scalar_state,complete_tensor_and_exact_evolved_state_swaps_unavailable
canonical_theta0_shared__weakt__T1200K__theta0__rate1x__seed2012702,weak-T,1200.0,0.0,THETA0_REFERENCE,NO_REINITIATION,,exact_K_equals_C_times_U_decomposition_plus_archived_scalar_state,complete_tensor_and_exact_evolved_state_swaps_unavailable
canonical_single_crack_theta__weakt__T1200K__theta15__rate1x__seed2012702,weak-T,1200.0,15.0,LOWER_INITIAL_ONSET_LOCAL_TENSOR_DRIVE_OR_STATE_EVOLUTION,NO_REINITIATION,,exact_K_equals_C_times_U_decomposition_plus_archived_scalar_state,complete_tensor_and_exact_evolved_state_swaps_unavailable
canonical_single_crack_theta__weakt__T1200K__theta30__rate1x__seed2012702,weak-T,1200.0,30.0,LOWER_INITIAL_ONSET_LOCAL_TENSOR_DRIVE_OR_STATE_EVOLUTION,NO_REINITIATION,,exact_K_equals_C_times_U_decomposition_plus_archived_scalar_state,complete_tensor_and_exact_evolved_state_swaps_unavailable
canonical_strain_rate__weakt__T1200K__theta45__rate1x__seed2012702,weak-T,1200.0,45.0,LOWER_INITIAL_ONSET_LOCAL_TENSOR_DRIVE_OR_STATE_EVOLUTION,NO_REINITIATION,,exact_K_equals_C_times_U_decomposition_plus_archived_scalar_state,complete_tensor_and_exact_evolved_state_swaps_unavailable
canonical_theta0_shared__weakt__T1250K__theta0__rate1x__seed2013711,weak-T,1250.0,0.0,THETA0_REFERENCE,NO_REINITIATION,,exact_K_equals_C_times_U_decomposition_plus_archived_scalar_state,complete_tensor_and_exact_evolved_state_swaps_unavailable
canonical_single_crack_theta__weakt__T1250K__theta15__rate1x__seed2013711,weak-T,1250.0,15.0,LOWER_INITIAL_ONSET_LOCAL_TENSOR_DRIVE_OR_STATE_EVOLUTION,NO_REINITIATION,,exact_K_equals_C_times_U_decomposition_plus_archived_scalar_state,complete_tensor_and_exact_evolved_state_swaps_unavailable
canonical_single_crack_theta__weakt__T1250K__theta30__rate1x__seed2013711,weak-T,1250.0,30.0,LOWER_INITIAL_ONSET_LOCAL_TENSOR_DRIVE_OR_STATE_EVOLUTION,NO_REINITIATION,,exact_K_equals_C_times_U_decomposition_plus_archived_scalar_state,complete_tensor_and_exact_evolved_state_swaps_unavailable
canonical_strain_rate__weakt__T1250K__theta45__rate1x__seed2013711,weak-T,1250.0,45.0,LOWER_INITIAL_ONSET_LOCAL_TENSOR_DRIVE_OR_STATE_EVOLUTION,NO_REINITIATION,,exact_K_equals_C_times_U_decomposition_plus_archived_scalar_state,complete_tensor_and_exact_evolved_state_swaps_unavailable
canonical_theta0_shared__weakt__T1300K__theta0__rate1x__seed2014720,weak-T,1300.0,0.0,THETA0_REFERENCE,NEGATIVE_REINITIATION_SOFTENING,-2.5652794268230465,exact_K_equals_C_times_U_decomposition_plus_archived_scalar_state,complete_tensor_and_exact_evolved_state_swaps_unavailable
canonical_single_crack_theta__weakt__T1300K__theta15__rate1x__seed2014720,weak-T,1300.0,15.0,LOWER_INITIAL_ONSET_LOCAL_TENSOR_DRIVE_OR_STATE_EVOLUTION,NEGATIVE_REINITIATION_SOFTENING,-2.597244648035968,exact_K_equals_C_times_U_decomposition_plus_archived_scalar_state,complete_tensor_and_exact_evolved_state_swaps_unavailable
canonical_single_crack_theta__weakt__T1300K__theta30__rate1x__seed2014720,weak-T,1300.0,30.0,LOWER_INITIAL_ONSET_LOCAL_TENSOR_DRIVE_OR_STATE_EVOLUTION,NO_REINITIATION,,exact_K_equals_C_times_U_decomposition_plus_archived_scalar_state,complete_tensor_and_exact_evolved_state_swaps_unavailable
canonical_strain_rate__weakt__T1300K__theta45__rate1x__seed2014720,weak-T,1300.0,45.0,LOWER_INITIAL_ONSET_LOCAL_TENSOR_DRIVE_OR_STATE_EVOLUTION,NO_REINITIATION,,exact_K_equals_C_times_U_decomposition_plus_archived_scalar_state,complete_tensor_and_exact_evolved_state_swaps_unavailable
