case_id,material_class,temperature_K,theta_deg,seed,reinitiation_event_transaction_index,reinitiation_physical_avalanche_index,initial_U_m,initial_KJ_MPa_sqrt_m,initial_C_MPa_sqrt_m_per_m,reinitiation_U_m,reinitiation_KJ_MPa_sqrt_m,reinitiation_C_MPa_sqrt_m_per_m,delta_K_reinit_MPa_sqrt_m,required_opening_local_state_contribution_MPa_sqrt_m,structural_wake_transfer_contribution_MPa_sqrt_m,identity_residual_MPa_sqrt_m,frozen_geometry_linearity_basis,complete_evolved_state_swap_available,initial_tip_radius_um,initial_front_width_um,initial_mobile_count,initial_retained_count,initial_multiplicity,initial_backstress_Pa,initial_signed_shielding_MPa_sqrt_m,initial_maximum_emission_rate_system_index,initial_maximum_emission_rate_system_name,initial_tensor_probe_reliable,reinitiation_tip_radius_um,reinitiation_front_width_um,reinitiation_mobile_count,reinitiation_retained_count,reinitiation_multiplicity,reinitiation_backstress_Pa,reinitiation_signed_shielding_MPa_sqrt_m,reinitiation_maximum_emission_rate_system_index,reinitiation_maximum_emission_rate_system_name,reinitiation_tensor_probe_reliable
canonical_single_crack_theta__ceramiclike__T0300K__theta15__rate1x__seed3003621,ceramic-like,300.0,15.0,3003621,35,1,9.078555935416446e-06,15.387705163220296,1694950.746868361,1.1163853020708917e-05,14.82383529461521,1327842.2124616865,-0.5638698686050869,3.1517106737667753,-3.7155805423718626,4.440892098500626e-16,PF_sharp_wake_map_load_scaling_passed,False,1.0,10.0,2.5979454014173543e-27,2.942693194323477e-73,718464.2991299158,2.192614629291475e-06,-2.7690380935871758e-77,1,(1-10),True,1.0,10.0,1.3769590678073432e-31,1.6741421541696899e-78,718464.2991299158,1.71575858961984e-08,1.7714294192212865e-83,0,(110),True
canonical_single_crack_theta__ceramiclike__T0300K__theta30__rate1x__seed3003621,ceramic-like,300.0,30.0,3003621,8,1,9.090717925413816e-06,15.38360658829931,1692232.3093199525,1.0302422898342297e-05,15.786962062132757,1532354.3032457875,0.4033554738334466,1.9536238170422555,-1.5502683432088087,-2.220446049250313e-16,PF_sharp_wake_map_load_scaling_passed,False,1.0,10.0,3.5060913756699214e-32,4.1980826895024423e-78,718464.2991299158,7.120552393072038e-09,-2.071799206050991e-82,1,(1-10),True,1.0,10.0,2.5555327643922383e-30,5.345696981430553e-76,718464.2991299158,5.7068190625769233e-08,-8.515944509934633e-81,0,(110),True
canonical_single_crack_theta__ceramiclike__T0600K__theta15__rate1x__seed3004630,ceramic-like,600.0,15.0,3004630,8,1,9.497088983828958e-06,16.097098066216173,1694950.7468683608,1.0276168760410665e-05,15.6595551588174,1523870.960464024,-0.43754290739877355,1.2538594483024312,-1.6914023557012066,1.7763568394002505e-15,PF_sharp_wake_map_load_scaling_passed,False,1.0000023869801715,9.95014882066839,0.055540309697686,2.4554944354534716e-21,714884.3762787456,11540729.455099525,-2.2559914758226997e-25,1,(1-10),True,1.0000069780387677,9.85632598972824,0.1528454937929741,8.046278286764969e-21,708146.7758617811,17933644.7383579,-5.621593604943481e-25,0,(110),True
canonical_single_crack_theta__ceramiclike__T0600K__theta15__rate1x__seed3004630,ceramic-like,600.0,15.0,3004630,13,2,9.497088983828958e-06,16.097098066216173,1694950.7468683608,1.1852243589620532e-05,15.701794783864583,1324795.14660121,-0.3953032823515894,3.555984224662526,-3.951287507014114,-1.3322676295501878e-15,PF_sharp_wake_map_load_scaling_passed,False,1.0000023869801715,9.95014882066839,0.055540309697686,2.4554944354534716e-21,714884.3762787456,11540729.455099525,-2.2559914758226997e-25,1,(1-10),True,1.0000039079325356,9.918770491557122,0.083190524513792,5.3410601992656776e-21,712631.0338478277,13034979.712137347,-3.1904598244602814e-25,0,(110),True
canonical_single_crack_theta__ceramiclike__T0800K__theta15__rate1x__seed3005639,ceramic-like,800.0,15.0,3005639,20,1,9.444509898497936e-06,16.0079791062647,1694950.7468683603,1.030155290519849e-05,15.224119748400248,1477847.0671851498,-0.7838593578644506,1.3596120891046826,-2.1434714469691336,4.440892098500626e-16,PF_sharp_wake_map_load_scaling_passed,False,1.102510845495798,0.4809008199634754,1998.7625325718675,5.493755453737321e-11,38092.86000271,2490365289.6643972,-4.970810411392529e-15,1,(1-10),True,1.061030821617457,0.6227658222032564,1246.6753156133236,4.5748252852325374e-11,47474.23362502938,1917669555.081594,-3.983172320181647e-15,0,(110),True
canonical_single_crack_theta__ceramiclike__T0950K__theta15__rate1x__seed3007657,ceramic-like,950.0,15.0,3007657,7,1,9.437431730891949e-06,15.995981960794476,1694950.7468683608,1.022766592975128e-05,15.737868770082176,1538754.6756198066,-0.2581131907122991,1.2776923069435049,-1.5358054976558024,-1.5543122344752192e-15,PF_sharp_wake_map_load_scaling_passed,False,1.338460936202976,0.2648722860996276,8158.194989796522,2.0488623272694034e-07,25471.083125190315,4524540918.184841,-1.8591747288798118e-11,1,(1-10),True,1.2402346499158794,0.3143479921284032,5987.842759020647,7.629545920564207e-08,28010.427938039484,3781429451.2453175,-4.7135471006492905e-12,0,(110),True
canonical_single_crack_theta__ceramiclike__T0950K__theta15__rate1x__seed3007657,ceramic-like,950.0,15.0,3007657,8,2,9.437431730891949e-06,15.995981960794476,1694950.7468683608,1.141533617706191e-05,15.442087124248207,1352749.221286859,-0.5538948365462684,3.014029658803129,-3.567924495349397,0.0,PF_sharp_wake_map_load_scaling_passed,False,1.338460936202976,0.2648722860996276,8158.194989796522,2.0488623272694034e-07,25471.083125190315,4524540918.184841,-1.8591747288798118e-11,1,(1-10),True,1.207172639619872,0.3384761514264424,5035.006431455967,7.542372597362673e-08,29356.390133051096,3473589671.5217047,-3.940706568782445e-12,0,(110),True
canonical_single_crack_theta__ceramiclike__T1000K__theta15__rate1x__seed3008666,ceramic-like,1000.0,15.0,3008666,18,1,9.274026849829771e-06,15.71901873559621,1694950.7468683617,1.0775373177997744e-05,14.331228758220831,1329998.3695677284,-1.3877899773753786,2.2707481244281396,-3.6585381018035186,4.440892098500626e-16,PF_sharp_wake_map_load_scaling_passed,False,1.3298217978154891,0.2683163441184719,7941.571612675858,8.070388474084612e-07,25635.734672912116,4466423725.224436,-7.324844845485787e-11,1,(1-10),True,1.1589469969253248,0.3863604319462012,3798.9237559943,4.088935734126375e-07,32170.766616390498,3091129176.792762,-1.6428221235164303e-11,0,(110),True
canonical_single_crack_theta__ceramiclike__T1000K__theta30__rate1x__seed3008666,ceramic-like,1000.0,30.0,3008666,4,1,8.41781117676958e-06,14.244892047084091,1692232.3093199523,9.0830983134138e-06,14.332189294894354,1577896.5282946199,0.08729724781026249,1.0877873254171457,-1.0004900776068844,1.1102230246251565e-15,PF_sharp_wake_map_load_scaling_passed,False,1.0900043993973194,0.5131434464310339,2160.348827835451,1.8810489285730664e-07,40185.76407354604,2279629589.7937746,-8.334545199182463e-12,0,(110),True,1.105201710395044,0.474724745517646,2523.4211271691106,2.2799040573081135e-07,37695.422155810826,2356251533.249855,-7.45426026767245e-12,0,(110),True
canonical_single_crack_theta__ceramiclike__T1050K__theta15__rate1x__seed3009675,ceramic-like,1050.0,15.0,3009675,191,1,8.802830891356953e-06,14.920364793861348,1694950.746868361,1.140845951535178e-05,13.606314468632156,1192651.3347681023,-1.314050325229191,3.7620093193095068,-5.076059644538698,0.0,PF_sharp_wake_map_load_scaling_passed,False,1.303073851439497,0.279897342122937,7282.474170445656,3.925671870638402e-06,26204.326204826975,4281485509.278002,-3.5746788068741715e-10,1,(1-10),True,1.143960803636261,0.4059410162017976,3500.226801612436,1.2358221373393267e-06,33364.08903001008,2957457476.525429,1.493550119787332e-11,0,(110),True
canonical_single_crack_theta__ceramiclike__T1200K__theta15__rate1x__seed3012702,ceramic-like,1200.0,15.0,3012702,12,1,7.983791587876853e-06,13.53213351471321,1694950.7468683613,9.72700092323662e-06,12.483695647789164,1283406.4421611326,-1.048437866924047,2.5959500279760457,-3.6443878949000936,8.881784197001252e-16,PF_sharp_wake_map_load_scaling_passed,False,1.2590875706812656,0.302705866393515,6199.511628121403,0.0001439782179737,27383.05930652682,3958617457.739791,-1.3220809158139238e-08,1,(1-10),True,1.104289283717223,0.4767922033487488,2518.223602969176,4.92124185977016e-05,37828.33230379411,2506703037.1543093,-4.448648225906087e-09,0,(110),True
canonical_single_crack_theta__ceramiclike__T1200K__theta30__rate1x__seed3012702,ceramic-like,1200.0,30.0,3012702,13,1,7.384592058443821e-06,12.496445272446165,1692232.309319952,8.478860973983303e-06,13.004280439322292,1533729.6459070235,0.5078351668761272,1.7650349451589247,-1.2571997782827988,1.3322676295501878e-15,PF_sharp_wake_map_load_scaling_passed,False,1.0698505545270185,0.5822651699734084,1679.2686529033415,3.6537689520423024e-05,44755.77903288314,2008248017.941332,-1.663823929512698e-09,1,(1-10),True,1.1190617155538265,0.4462972161248205,2926.907648175237,3.188713827160828e-05,35882.55909675315,2462720154.576108,-1.0874459757663886e-09,0,(110),True
canonical_single_crack_theta__ceramiclike__T1250K__theta15__rate1x__seed3013711,ceramic-like,1250.0,15.0,3013711,37,1,7.766209369795913e-06,13.163342371671648,1694950.7468683613,8.73171794559627e-06,12.834958867719482,1469923.6676778628,-0.32838350395216587,1.527856694287758,-1.8562401982399221,-1.7763568394002505e-15,PF_sharp_wake_map_load_scaling_passed,False,1.2489410933052911,0.3088074145579522,5972.684701532509,0.0003151133665041,27709.894177277656,3880328951.876073,-2.9029018499620336e-08,0,(110),True,1.1063877660004895,0.4720770297904688,2573.831764929258,4.480818806171069e-05,37525.40833174784,2521132792.055711,-3.975455186956395e-09,0,(110),True
canonical_single_crack_theta__ceramiclike__T1250K__theta30__rate1x__seed3013711,ceramic-like,1250.0,30.0,3013711,49,1,7.205446268319417e-06,12.193288978318996,1692232.3093199518,7.972594497216198e-06,11.981219913444011,1502800.614985186,-0.212069064874985,1.2255319245737943,-1.4376009894487793,0.0,PF_sharp_wake_map_load_scaling_passed,False,1.0657341923678971,0.6001557580209887,1613.2214224312386,7.70500195068674e-05,45953.44444129014,1948175534.4585912,-3.538775141958244e-09,1,(1-10),True,1.0541024127858054,0.6612767169703175,1319.6614204290936,6.862890805208102e-05,50080.79701852113,1743085056.8391929,-2.502201075235846e-09,0,(110),True
canonical_single_crack_theta__dbtt__T0600K__theta15__rate1x__seed1004630,DBTT,600.0,15.0,1004630,6,1,1.3737749597989482e-05,23.284808941402805,1694950.7468683615,1.4560626080902245e-05,23.430540146162457,1609171.2001926906,0.1457312047596524,1.3594421234562344,-1.2137109186965815,-4.440892098500626e-16,PF_sharp_wake_map_load_scaling_passed,False,1.0000000000005722,9.999999998126665,0.0,1.7483690338424556e-09,13098.72149152926,2228.34452041401,-2.097499290083325e-13,1,(1-10),True,1.0000000000000038,9.999999999987384,0.0,1.3740913919048516e-11,13098.721493959123,162.54329000667596,-1.7625848235855417e-15,0,(110),True
canonical_single_crack_theta__dbtt__T0800K__theta15__rate1x__seed1005639,DBTT,800.0,15.0,1005639,4,1,1.3405086165766751e-05,22.720960808501076,1694950.74686836,1.3971099242778258e-05,22.684642973530273,1623683.4753898191,-0.03631783497080221,0.9391951838080208,-0.9755130187788246,1.5543122344752192e-15,PF_sharp_wake_map_load_scaling_passed,False,1.0000000005904932,9.99999803706628,0.0,1.8056888929192627e-06,13098.718930518096,70777.8796951575,-2.1628043322495082e-10,1,(1-10),True,1.0000000000383575,9.9999998724898,0.0,1.2804434983742585e-07,13098.721327455974,16475.690098882136,-1.5792470127115073e-11,0,(110),True
canonical_single_crack_theta__dbtt__T0800K__theta15__rate1x__seed1005639,DBTT,800.0,15.0,1005639,18,2,1.3405086165766751e-05,22.720960808501076,1694950.74686836,1.5246437018759598e-05,22.54864786884425,1478945.3982658263,-0.1723129396568268,2.9221281870767704,-3.0944411267335967,-4.440892098500626e-16,PF_sharp_wake_map_load_scaling_passed,False,1.0000000005904932,9.99999803706628,0.0,1.8056888929192627e-06,13098.718930518096,70777.8796951575,-2.1628043322495082e-10,1,(1-10),True,1.000000000109568,9.999999635769274,0.0,3.627246009937511e-07,13098.721018315113,28947.657016481724,-2.6257941733721048e-11,0,(110),True
canonical_single_crack_theta__dbtt__T0800K__theta30__rate1x__seed1005639,DBTT,800.0,30.0,1005639,16,1,1.3417555381752844e-05,22.70562072909195,1692232.3093199509,1.5312214407001476e-05,22.97141806582614,1500202.2212621649,0.26579733673418815,3.024287447941394,-2.758490111207206,4.440892098500626e-16,PF_sharp_wake_map_load_scaling_passed,False,1.0000000000021338,9.999999992906456,0.0,6.512110167825238e-09,13098.721484711916,3602.47238678011,-5.350186506745926e-13,1,(1-10),True,1.0000000000015852,9.999999994729995,0.0,5.8850075328098685e-09,13098.721487093331,2770.0593820682616,-3.310704949980148e-13,0,(110),True
canonical_single_crack_theta__dbtt__T0950K__theta15__rate1x__seed1007657,DBTT,950.0,15.0,1007657,10,1,1.2580703693264473e-05,21.32367312102817,1694950.7468683613,1.5604282773810787e-05,21.847359268038534,1400087.372468392,0.5236861470103662,4.679046255560007,-4.155360108549641,0.0,PF_sharp_wake_map_load_scaling_passed,False,1.0083574192296996,3.9054100338013993,0.0,26.63251419294676,5158.340947399806,265480978.501859,-0.0032399552075309,1,(1-10),True,1.0017754501387577,6.772224440482282,0.0,5.73352811415406,8886.497755151482,98925762.7753897,-0.0005376222516184,0,(110),True
canonical_single_crack_theta__dbtt__T1000K__theta15__rate1x__seed1008666,DBTT,1000.0,15.0,1008666,43,1,2.902884445683256e-05,49.20246159283379,1694950.7468683599,3.0492507688349093e-05,50.818904410410504,1666602.9875210277,1.6164428175767114,2.460091300896421,-0.8436484833197117,2.1094237467877974e-15,PF_sharp_wake_map_load_scaling_passed,False,5.603818803846011,0.180720967337731,7.055859896357241e-09,17391.859104352716,1326.5436192434904,6631626027.568011,-2.3322654430356664,1,(1-10),True,3.5269152751678696,0.243901252650882,3.890676227044909e-09,9590.765628274488,1126.7769807009015,4740696653.539545,0.0207394316626827,0,(110),True
canonical_single_crack_theta__dbtt__T1000K__theta30__rate1x__seed1008666,DBTT,1000.0,30.0,1008666,1,1,1.915438804181103e-05,32.41367430960434,1692232.309319951,1.9956910914154223e-05,34.46501314335957,1726971.3379797488,2.0513388337552314,1.371994566078635,0.6793442676765972,-7.771561172376096e-16,PF_sharp_wake_map_load_scaling_passed,False,2.257091604175203,0.3456968824018003,1.9229133840789088e-09,4740.027179349701,1022.0533274952404,3376567334.825304,-0.4594650282033778,1,(1-10),True,2.5221033822763164,0.3141970022781964,0.0,5744.980055407683,1037.991578423431,3822954402.986413,-0.5432034583185068,0,(110),True
canonical_single_crack_theta__dbtt__T1050K__theta15__rate1x__seed1009675,DBTT,1050.0,15.0,1009675,15,1,2.867510244876818e-05,48.60288631206638,1694950.7468683606,3.6558599512504905e-05,48.23780190608249,1319465.2571300687,-0.36508440598389313,11.882069858201303,-12.247154264185196,0.0,PF_sharp_wake_map_load_scaling_passed,False,5.623972448187804,0.1803268282626756,0.0,17969.773924832058,1328.4109190155118,6647103962.435645,-2.4114753047926967,1,(1-10),True,3.912476093596036,0.2271931787043437,4.545086086226344e-09,11334.432549757816,1164.329478353577,5193981432.9051,-1.1879297769688688,0,(110),True
canonical_single_crack_theta__dbtt__T1050K__theta30__rate1x__seed1009675,DBTT,1050.0,30.0,1009675,1,1,1.917157730854026e-05,32.44276254213709,1692232.3093199527,2.009476950139207e-05,34.22840387034705,1703348.917138655,1.7856413282099624,1.5673870392303813,0.21825428897958368,-2.581268532253489e-15,PF_sharp_wake_map_load_scaling_passed,False,2.351957220888434,0.3333616683995155,0.0,5143.805719936258,1027.0083803696175,3511708825.6222267,-0.4975501477736128,1,(1-10),True,2.572719374194421,0.309104546863118,0.0,6094.140747965099,1041.661754021883,3882453767.672593,-0.5822186986214146,1,(1-10),True
canonical_single_crack_theta__dbtt__T1050K__theta30__rate1x__seed1009675,DBTT,1050.0,30.0,1009675,2,2,1.917157730854026e-05,32.44276254213709,1692232.3093199527,2.0498936162265227e-05,35.667554025055985,1739970.979114194,3.2247914829188957,2.277882711343506,0.9469087715753902,-3.3306690738754696e-16,PF_sharp_wake_map_load_scaling_passed,False,2.351957220888434,0.3333616683995155,0.0,5143.805719936258,1027.0083803696175,3511708825.6222267,-0.4975501477736128,1,(1-10),True,2.7834297680322115,0.290286955478819,0.0,6731.039785666715,1058.3679901910857,4131134248.834063,-0.6325844606059446,0,(110),True
canonical_single_crack_theta__dbtt__T1050K__theta30__rate1x__seed1009675,DBTT,1050.0,30.0,1009675,3,3,1.917157730854026e-05,32.44276254213709,1692232.3093199527,2.0810382071717487e-05,37.114679579165816,1783469.3976910117,4.671917037028727,2.847998256416394,1.8239187806123323,1.1102230246251565e-15,PF_sharp_wake_map_load_scaling_passed,False,2.351957220888434,0.3333616683995155,0.0,5143.805719936258,1027.0083803696175,3511708825.6222267,-0.4975501477736128,1,(1-10),True,2.950362799976208,0.277596180286371,0.0,7401.933846974097,1072.7976604386558,4211157144.9853497,-0.6831544200456043,0,(110),True
canonical_single_crack_theta__dbtt__T1050K__theta30__rate1x__seed1009675,DBTT,1050.0,30.0,1009675,5,4,1.917157730854026e-05,32.44276254213709,1692232.3093199527,2.2041465233095996e-05,39.687949450386526,1800603.9539873123,7.245186908249437,5.012024307257949,2.2331626009914882,-4.440892098500626e-16,PF_sharp_wake_map_load_scaling_passed,False,2.351957220888434,0.3333616683995155,0.0,5143.805719936258,1027.0083803696175,3511708825.6222267,-0.4975501477736128,1,(1-10),True,3.4698994838356416,0.2466986367371989,0.0,9374.420257339774,1121.2760660781146,4653144883.271087,-0.8477480279501938,0,(110),True
canonical_single_crack_theta__dbtt__T1050K__theta30__rate1x__seed1009675,DBTT,1050.0,30.0,1009675,18,5,1.917157730854026e-05,32.44276254213709,1692232.3093199527,2.260806489187467e-05,37.94005481553012,1678164.6282856239,5.497292273393029,5.791163613494943,-0.29387134010191185,-2.1094237467877974e-15,PF_sharp_wake_map_load_scaling_passed,False,2.351957220888434,0.3333616683995155,0.0,5143.805719936258,1027.0083803696175,3511708825.6222267,-0.4975501477736128,1,(1-10),True,2.936701623820365,0.2785727617055819,0.0,7346.469397925217,1071.5868642947703,3954370754.881713,-0.3818921196496225,0,(110),True
canonical_single_crack_theta__dbtt__T1100K__theta15__rate1x__seed1010684,DBTT,1100.0,15.0,1010684,10,1,2.8813760505750687e-05,48.83790488930821,1694950.746868361,3.5885938656870336e-05,49.62136259000109,1382752.2547052316,0.7834577006928782,10.883031961682061,-10.099574260989185,1.7763568394002505e-15,PF_sharp_wake_map_load_scaling_passed,False,5.759836124984075,0.1777354172187308,0.0,18021.221395214023,1340.951324491156,6744051108.569599,-2.419556321613063,0,(110),True,4.00033914294329,0.2238435479839453,4.5685055741707045e-09,11509.692069988756,1172.9251561974586,5321016646.566666,-1.267106248081366,0,(110),True
canonical_single_crack_theta__dbtt__T1100K__theta15__rate1x__seed1010684,DBTT,1100.0,15.0,1010684,138,2,2.8813760505750687e-05,48.83790488930821,1694950.746868361,3.6994412448189505e-05,64.2986997276694,1738065.1691041023,15.460794838361188,14.042154160711757,1.4186406776494336,-1.9984014443252818e-15,PF_sharp_wake_map_load_scaling_passed,False,5.759836124984075,0.1777354172187308,0.0,18021.221395214023,1340.951324491156,6744051108.569599,-2.419556321613063,0,(110),True,5.505246786532259,0.1826866488406367,6.798359210366113e-09,17128.713941574424,1317.3843794419636,6442887353.381316,0.0088761186027571,0,(110),True
canonical_single_crack_theta__dbtt__T1100K__theta30__rate1x__seed1010684,DBTT,1100.0,30.0,1010684,1,1,1.922031928271182e-05,32.52524528565024,1692232.3093199527,2.0217836699814935e-05,34.92942550668636,1727653.9535511278,2.404180221036114,1.7056980558627917,0.6984821651733257,-3.3306690738754696e-15,PF_sharp_wake_map_load_scaling_passed,False,2.341742027493284,0.334626851312887,0.0,5217.050291003193,1026.428602253692,3498416687.4055595,-0.5071298692770314,1,(1-10),True,2.6839557577596205,0.2987303714084631,0.0,6379.163160550244,1050.228113529828,4020623989.433385,-0.6021673926416826,0,(110),True
canonical_single_crack_theta__dbtt__T1100K__theta30__rate1x__seed1010684,DBTT,1100.0,30.0,1010684,2,2,1.922031928271182e-05,32.52524528565024,1692232.3093199527,2.1060284292961055e-05,37.22058502781265,1767335.3554991102,4.69533974216241,3.1827417269283633,1.5125980152340472,-2.220446049250313e-16,PF_sharp_wake_map_load_scaling_passed,False,2.341742027493284,0.334626851312887,0.0,5217.050291003193,1026.428602253692,3498416687.4055595,-0.5071298692770314,1,(1-10),True,3.0882720092257117,0.2682802520258883,0.0,7882.503865094018,1085.258407689962,4412864608.997253,-0.7323034930537329,0,(110),True
canonical_single_crack_theta__dbtt__T1100K__theta30__rate1x__seed1010684,DBTT,1100.0,30.0,1010684,11,3,1.922031928271182e-05,32.52524528565024,1692232.3093199527,2.1843165231139783e-05,38.49041983704511,1762126.4789121712,5.965174551394867,4.530125476065576,1.4350490753292904,2.220446049250313e-16,PF_sharp_wake_map_load_scaling_passed,False,2.341742027493284,0.334626851312887,0.0,5217.050291003193,1026.428602253692,3498416687.4055595,-0.5071298692770314,1,(1-10),True,3.234135141906019,0.2593807391732243,0.0,8764.38329104168,1098.8155461016574,4346350584.380693,-0.6481372940464936,0,(110),True
canonical_single_crack_theta__dbtt__T1100K__theta30__rate1x__seed1010684,DBTT,1100.0,30.0,1010684,14,4,1.922031928271182e-05,32.52524528565024,1692232.3093199527,2.3720367137401623e-05,39.05318972983419,1646399.0419548014,6.5279444441839445,7.512000424952037,-0.9840559807680909,-1.3322676295501878e-15,PF_sharp_wake_map_load_scaling_passed,False,2.341742027493284,0.334626851312887,0.0,5217.050291003193,1026.428602253692,3498416687.4055595,-0.5071298692770314,1,(1-10),True,3.3458628926336984,0.2531326052251273,0.0,9069.771683748617,1109.392275184367,4351302096.619079,-0.6111797711938805,0,(110),True
canonical_single_crack_theta__dbtt__T1150K__theta15__rate1x__seed1011693,DBTT,1150.0,15.0,1011693,9,1,2.832640188904392e-05,48.01185603792833,1694950.7468683606,3.385642368975098e-05,48.09230352342651,1420477.956092717,0.08044748549817626,8.614194322961632,-8.533746837463458,1.7763568394002505e-15,PF_sharp_wake_map_load_scaling_passed,False,5.633871930622932,0.1801341689839556,0.0,17479.611761705426,1329.3274687373066,6654215564.846994,-2.341820016177841,0,(110),True,4.190345818890532,0.217078771114586,4.7574530987251895e-09,12105.924838825673,1191.5057109937604,5416974802.035272,-1.4869752212237046,0,(110),True
canonical_single_crack_theta__dbtt__T1150K__theta15__rate1x__seed1011693,DBTT,1150.0,15.0,1011693,47,2,2.832640188904392e-05,48.01185603792833,1694950.7468683606,3.9070932092878565e-05,52.806108443686355,1351544.6296023047,4.794252405758023,16.36658079416583,-11.572328388407804,-3.552713678800501e-15,PF_sharp_wake_map_load_scaling_passed,False,5.633871930622932,0.1801341689839556,0.0,17479.611761705426,1329.3274687373066,6654215564.846994,-2.341820016177841,0,(110),True,3.637091868402395,0.2387548147498507,4.0414533950921805e-09,10282.844502552434,1137.4578637657112,5001913041.498876,0.0116360367309269,0,(110),True
canonical_single_crack_theta__dbtt__T1150K__theta30__rate1x__seed1011693,DBTT,1150.0,30.0,1011693,1,1,1.8939742163592344e-05,32.050443619420356,1692232.309319953,1.952473176823876e-05,33.734466287092935,1727781.2923386437,1.6840226676725791,1.000336202359811,0.6836864653127679,2.220446049250313e-16,PF_sharp_wake_map_load_scaling_passed,False,2.3438776468775995,0.3343611574255021,0.0,5078.873520841229,1026.548955437446,3501199754.4662933,-0.4927165473673704,0,(110),True,2.6252308463461937,0.3040746302457713,0.0,6142.271971040314,1045.6265307737374,3949896149.325323,-0.5816016332489243,0,(110),True
canonical_single_crack_theta__dbtt__T1150K__theta30__rate1x__seed1011693,DBTT,1150.0,30.0,1011693,12,2,1.8939742163592344e-05,32.050443619420356,1692232.309319953,2.1305540936924075e-05,35.59332818354497,1670613.6816202167,3.5428845641246127,3.9779084601348913,-0.43502389601027625,-2.3314683517128287e-15,PF_sharp_wake_map_load_scaling_passed,False,2.3438776468775995,0.3343611574255021,0.0,5078.873520841229,1026.548955437446,3501199754.4662933,-0.4927165473673704,0,(110),True,2.957304809090997,0.2771038439396275,0.0,7420.43347126468,1073.4147236138558,3948870526.39565,-0.5822052739436997,0,(110),True
canonical_single_crack_theta__dbtt__T1150K__theta30__rate1x__seed1011693,DBTT,1150.0,30.0,1011693,13,3,1.8939742163592344e-05,32.050443619420356,1692232.309319953,2.36813577751392e-05,38.79703111358083,1638294.2009478079,6.746587494160472,7.896038247878139,-1.1494507537176644,-2.4424906541753444e-15,PF_sharp_wake_map_load_scaling_passed,False,2.3438776468775995,0.3343611574255021,0.0,5078.873520841229,1026.548955437446,3501199754.4662933,-0.4927165473673704,0,(110),True,3.4490216304510155,0.2477473125526488,0.0,9395.4682856278,1119.2672037136492,4333104672.1079235,-0.7217246206333822,0,(110),True
canonical_single_crack_theta__dbtt__T1150K__theta30__rate1x__seed1011693,DBTT,1150.0,30.0,1011693,15,4,1.8939742163592344e-05,32.050443619420356,1692232.309319953,2.4147109102998057e-05,37.58537794263614,1556516.6737897256,5.534934323215786,8.458714024536635,-2.923779701320848,0.0,PF_sharp_wake_map_load_scaling_passed,False,2.3438776468775995,0.3343611574255021,0.0,5078.873520841229,1026.548955437446,3501199754.4662933,-0.4927165473673704,0,(110),True,3.155483023634611,0.2640674121159025,0.0,8131.350567824395,1091.4643763720148,4060289892.414768,-0.5782996744794768,0,(110),True
canonical_single_crack_theta__dbtt__T1150K__theta30__rate1x__seed1011693,DBTT,1150.0,30.0,1011693,19,5,1.8939742163592344e-05,32.050443619420356,1692232.309319953,2.4725532367395113e-05,38.19195526905968,1544636.3176965353,6.141511649639327,9.363921396594257,-3.2224097469549298,-8.881784197001252e-16,PF_sharp_wake_map_load_scaling_passed,False,2.3438776468775995,0.3343611574255021,0.0,5078.873520841229,1026.548955437446,3501199754.4662933,-0.4927165473673704,0,(110),True,2.9011464888964804,0.2811635807757207,0.0,7322.25406615265,1068.4584357576873,3634777333.4911785,-0.4688428497658377,0,(110),True
canonical_single_crack_theta__dbtt__T1200K__theta15__rate1x__seed1012702,DBTT,1200.0,15.0,1012702,4,1,2.8045904859222713e-05,47.53642738773855,1694950.7468683615,2.867629755719322e-05,46.56184769437681,1623704.9989285364,-0.9745796933617399,1.046028174614118,-2.0206078679758526,-5.329070518200751e-15,PF_sharp_wake_map_load_scaling_passed,False,5.588922924736144,0.1810139485042026,0.0,17312.39298275672,1325.1622955013588,6621863652.263514,-2.318697885548913,0,(110),True,4.086087281623716,0.2207133871477751,4.56850557384314e-09,11727.729304500754,1181.3136523840917,5393468815.943363,-1.524347216770602,0,(110),True
canonical_single_crack_theta__dbtt__T1200K__theta15__rate1x__seed1012702,DBTT,1200.0,15.0,1012702,35,2,2.8045904859222713e-05,47.53642738773855,1694950.7468683615,2.9885931657721744e-05,51.10281915858631,1709928.9305703365,3.5663917708477584,3.1325349260759694,0.43385684477178993,-9.43689570931383e-16,PF_sharp_wake_map_load_scaling_passed,False,5.588922924736144,0.1810139485042026,0.0,17312.39298275672,1325.1622955013588,6621863652.263514,-2.318697885548913,0,(110),True,4.086474394046391,0.2206995522765286,4.546166111837342e-09,11669.586820633574,1181.351514300031,5428573438.273595,-0.009569332427265,0,(110),True
canonical_single_crack_theta__dbtt__T1200K__theta15__rate1x__seed1012702,DBTT,1200.0,15.0,1012702,63,3,2.8045904859222713e-05,47.53642738773855,1694950.7468683615,3.849261098383769e-05,56.87851343695798,1477647.5791896833,9.342086049219432,16.571601181886905,-7.229515132667469,-3.552713678800501e-15,PF_sharp_wake_map_load_scaling_passed,False,5.588922924736144,0.1810139485042026,0.0,17312.39298275672,1325.1622955013588,6621863652.263514,-2.318697885548913,0,(110),True,4.449191594039159,0.2087782508333592,5.155357031493956e-09,13233.62833931443,1216.7329548864534,5602301109.237341,-0.0450931949668202,0,(110),True
canonical_single_crack_theta__dbtt__T1200K__theta30__rate1x__seed1012702,DBTT,1200.0,30.0,1012702,1,1,1.875427727165986e-05,31.736593937047644,1692232.3093199516,1.9892005161385427e-05,34.369963392529726,1727827.9948996326,2.6333694554820823,1.945548996326965,0.687820459155116,1.3322676295501878e-15,PF_sharp_wake_map_load_scaling_passed,False,2.3188334099363663,0.3375173517292976,0.0,4999.274438276387,1025.1668683983034,3468422496.937281,-0.4840702032187239,1,(1-10),True,2.6600609739053027,0.3008707081297636,0.0,6327.454470417126,1048.3357786033937,3985171479.140609,-0.5932557334179117,0,(110),True
canonical_single_crack_theta__dbtt__T1200K__theta30__rate1x__seed1012702,DBTT,1200.0,30.0,1012702,2,2,1.875427727165986e-05,31.736593937047644,1692232.3093199516,2.042148738837691e-05,36.76889606795517,1800500.3929773767,5.032302130907524,2.911559648129295,2.12074248277823,-8.881784197001252e-16,PF_sharp_wake_map_load_scaling_passed,False,2.3188334099363663,0.3375173517292976,0.0,4999.274438276387,1025.1668683983034,3468422496.937281,-0.4840702032187239,1,(1-10),True,3.027590149205978,0.2722622790623751,0.0,7646.145259356641,1079.7257711855516,4270420759.995808,-0.7028956406691047,0,(110),True
canonical_single_crack_theta__dbtt__T1200K__theta30__rate1x__seed1012702,DBTT,1200.0,30.0,1012702,8,3,1.875427727165986e-05,31.736593937047644,1692232.3093199516,2.402112212755253e-05,36.74132843277686,1529542.551662651,5.004734495729217,8.484294176705271,-3.4795596809760543,0.0,PF_sharp_wake_map_load_scaling_passed,False,2.3188334099363663,0.3375173517292976,0.0,4999.274438276387,1025.1668683983034,3468422496.937281,-0.4840702032187239,1,(1-10),True,3.069063964719144,0.2695217574794185,0.0,7998.171454088903,1083.4994074009526,4150236618.449003,-0.5795945933929804,0,(110),True
canonical_single_crack_theta__dbtt__T1200K__theta30__rate1x__seed1012702,DBTT,1200.0,30.0,1012702,142,4,1.875427727165986e-05,31.736593937047644,1692232.3093199516,2.7806894476249733e-05,48.86595560300332,1757332.3639121382,17.129361665955678,15.61379425462313,1.515567411332545,2.4424906541753444e-15,PF_sharp_wake_map_load_scaling_passed,False,2.3188334099363663,0.3375173517292976,0.0,4999.274438276387,1025.1668683983034,3468422496.937281,-0.4840702032187239,1,(1-10),True,2.9980907343269663,0.2742632275545679,2.9241249436005254e-09,7506.226005218873,1077.0633868915795,3887611322.757359,0.0131114495119303,0,(110),True
canonical_single_crack_theta__dbtt__T1250K__theta15__rate1x__seed1013711,DBTT,1250.0,15.0,1013711,3,1,2.797703257560197e-05,47.41969225917703,1694950.7468683615,2.889347529953815e-05,45.60751462180188,1578471.0613378827,-1.8121776373751501,1.4999517992523161,-3.3121294366274707,4.440892098500626e-15,PF_sharp_wake_map_load_scaling_passed,False,5.6383577023436375,0.1800470719747552,0.0,17552.50895618293,1329.742641449921,6657435558.023317,-2.348909141094549,0,(110),True,4.45851318830981,0.2084968275807344,0.0,13457.26959644274,1217.63862257955,5725144023.606532,-1.7796546714608343,0,(110),True
canonical_single_crack_theta__dbtt__T1250K__theta15__rate1x__seed1013711,DBTT,1250.0,15.0,1013711,10,2,2.797703257560197e-05,47.41969225917703,1694950.7468683615,2.928615822620914e-05,47.58117048619414,1624698.2659409454,0.16147822701710624,2.172918836840719,-2.011440609823613,0.0,PF_sharp_wake_map_load_scaling_passed,False,5.6383577023436375,0.1800470719747552,0.0,17552.50895618293,1329.742641449921,6657435558.023317,-2.348909141094549,0,(110),True,3.664713281261977,0.2375148718986326,3.896730050896087e-09,10082.86780910982,1140.1440320421425,5032986116.056163,-1.2204878567419022,0,(110),True
canonical_single_crack_theta__dbtt__T1250K__theta15__rate1x__seed1013711,DBTT,1250.0,15.0,1013711,46,3,2.797703257560197e-05,47.41969225917703,1694950.7468683615,3.400061336325388e-05,57.484134098163715,1690679.3263997298,10.064441838986681,10.1968081317171,-0.13236629273041756,-1.2212453270876722e-15,PF_sharp_wake_map_load_scaling_passed,False,5.6383577023436375,0.1800470719747552,0.0,17552.50895618293,1329.742641449921,6657435558.023317,-2.348909141094549,0,(110),True,4.671967344027067,0.202348622190643,5.370338841840994e-09,13895.177356737331,1238.3087973960155,5789607264.733885,-0.0620286331841558,0,(110),True
canonical_single_crack_theta__dbtt__T1250K__theta30__rate1x__seed1013711,DBTT,1250.0,30.0,1013711,1,1,1.866754790244998e-05,31.58982769630375,1692232.3093199518,2.0727209061162265e-05,37.50093478020555,1809261.1827066073,5.911107083901797,3.605945071505477,2.3051620123963206,-4.440892098500626e-16,PF_sharp_wake_map_load_scaling_passed,False,2.310389545715671,0.3386018068377238,0.0,4962.383557351185,1024.7157000370537,3457301335.895085,-0.478452669026289,1,(1-10),True,3.117977401271702,0.2663935898991496,0.0,7988.731283441946,1087.991849139702,4369635721.82053,-0.7352493536919679,0,(110),True
canonical_single_crack_theta__dbtt__T1250K__theta30__rate1x__seed1013711,DBTT,1250.0,30.0,1013711,3,2,1.866754790244998e-05,31.58982769630375,1692232.3093199518,2.221816709195808e-05,35.06991369836968,1578434.1504508408,3.4800860020659314,5.806445547271354,-2.3263595452054204,-1.7763568394002505e-15,PF_sharp_wake_map_load_scaling_passed,False,2.310389545715671,0.3386018068377238,0.0,4962.383557351185,1024.7157000370537,3457301335.895085,-0.478452669026289,1,(1-10),True,2.68536432832744,0.2986056222930744,0.0,6447.372453691972,1050.3404822016346,3812904636.066493,-0.580551134031871,0,(110),True
canonical_single_crack_theta__dbtt__T1250K__theta30__rate1x__seed1013711,DBTT,1250.0,30.0,1013711,106,3,1.866754790244998e-05,31.58982769630375,1692232.3093199518,2.5597127214128096e-05,40.73966483410821,1591571.7608975405,9.149837137804461,11.377690374291765,-2.2278532364873063,2.220446049250313e-15,PF_sharp_wake_map_load_scaling_passed,False,2.310389545715671,0.3386018068377238,0.0,4962.383557351185,1024.7157000370537,3457301335.895085,-0.478452669026289,1,(1-10),True,1.961077447827802,0.3952936330811747,1.3313297143375163e-09,3444.6370669582793,1015.414762158363,2952850400.7036724,-0.003316203575082,0,(110),True
canonical_single_crack_theta__dbtt__T1300K__theta15__rate1x__seed1014720,DBTT,1300.0,15.0,1014720,21,1,2.6236578637073655e-05,44.46970855617848,1694950.7468683613,2.774069959191412e-05,46.53932321693652,1677654.994342747,2.0696146607580417,2.536403483885442,-0.4667888231274016,1.3877787807814457e-15,PF_sharp_wake_map_load_scaling_passed,False,5.237703600346233,0.1883632772811027,0.0,16088.641602996277,1292.3080941648989,6363413443.91544,-2.1540162500760833,1,(1-10),True,4.282004639948502,0.2140274599450678,4.771379737016584e-09,12439.36518813958,1200.4540444912063,5436083702.640983,-1.229745243265993,0,(110),True
canonical_single_crack_theta__dbtt__T1300K__theta15__rate1x__seed1014720,DBTT,1300.0,15.0,1014720,148,2,2.6236578637073655e-05,44.46970855617848,1694950.7468683613,3.04341165411077e-05,60.5050885464007,1988067.8469728471,16.035379990222218,7.729805074455322,8.305574915766895,1.7763568394002505e-15,PF_sharp_wake_map_load_scaling_passed,False,5.237703600346233,0.1883632772811027,0.0,16088.641602996277,1292.3080941648989,6363413443.91544,-2.1540162500760833,1,(1-10),True,4.929239625348992,0.1956145796654653,5.7740408020897195e-09,15053.06581304774,1263.0195124399222,6083113494.550149,-1.4816215589497754,0,(110),True
canonical_single_crack_theta__dbtt__T1300K__theta30__rate1x__seed1014720,DBTT,1300.0,30.0,1014720,1,1,1.7755264769760758e-05,30.04603270391943,1692232.3093199518,1.8656276366573316e-05,31.77814814684215,1703348.9171386557,1.7321154429227192,1.529729031479106,0.2023864114436144,-1.27675647831893e-15,PF_sharp_wake_map_load_scaling_passed,False,2.231641596640515,0.3492459589243536,0.0,4643.619020345841,1020.9036245940244,3351808501.8869734,-0.4486038306814365,1,(1-10),True,2.45177913833716,0.3217091796589997,0.0,5494.74634724256,1033.1745670196603,3730191149.209133,-0.5232687575055556,1,(1-10),True
canonical_single_crack_theta__dbtt__T1300K__theta30__rate1x__seed1014720,DBTT,1300.0,30.0,1014720,3,2,1.7755264769760758e-05,30.04603270391943,1692232.3093199518,1.9749556050798068e-05,34.566167691851284,1750225.0482463117,4.520134987931854,3.4326313467685683,1.087503641163288,-1.9984014443252818e-15,PF_sharp_wake_map_load_scaling_passed,False,2.231641596640515,0.3492459589243536,0.0,4643.619020345841,1020.9036245940244,3351808501.8869734,-0.4486038306814365,1,(1-10),True,2.6921867406968016,0.298003603813189,0.0,6542.888324318318,1050.885997480072,3840214915.783228,-0.5923045537781493,0,(110),True
canonical_single_crack_theta__dbtt__T1300K__theta30__rate1x__seed1014720,DBTT,1300.0,30.0,1014720,22,3,1.7755264769760758e-05,30.04603270391943,1692232.3093199518,2.014996862455552e-05,42.240928026305006,2096327.2357073848,12.194895322385577,4.536239073298225,7.658656249087351,0.0,PF_sharp_wake_map_load_scaling_passed,False,2.231641596640515,0.3492459589243536,0.0,4643.619020345841,1020.9036245940244,3351808501.8869734,-0.4486038306814365,1,(1-10),True,3.450980002856135,0.2476483764567135,0.0,9443.931310370372,1119.455504399827,4367710194.73712,-0.3068075453973483,0,(110),True
canonical_single_crack_theta__peak__T0300K__theta15__rate1x__seed3621,Peak,300.0,15.0,3621,11,1,1.395971825216036e-05,23.66103487757109,1694950.7468683608,1.539727497013489e-05,23.620487083674817,1534069.3161283387,-0.040547793896273276,2.3209497420177216,-2.361497535913996,8.881784197001252e-16,PF_sharp_wake_map_load_scaling_passed,False,1.000000000000011,9.999999999959226,3.898848741315139e-11,2.1611194821398064e-34,352563.0211105656,335.22218373510475,-1.981778511206187e-38,1,(1-10),True,1.0000000000000009,9.99999999999696,3.107296540872298e-12,1.3423771996912968e-35,352563.0211118923,91.9318594286144,-1.0521749135594195e-39,0,(110),True
canonical_single_crack_theta__peak__T0950K__theta30__rate1x__seed7657,Peak,950.0,30.0,7657,15,1,1.820000000000001e-05,30.798628029623146,1692232.3093199523,2.6453020429776464e-05,30.196319058586173,1141507.418358779,-0.6023089710369725,11.693455932600868,-12.295764903637846,5.329070518200751e-15,PF_sharp_wake_map_load_scaling_passed,False,1.0000016928627866,9.993868016099254,0.0070632485928484,1.1534512809555563e-05,352347.42650989007,4131856.5815256895,-4.922475356180451e-10,1,(1-10),True,1.4236723663767925,0.5655264237450138,1360.708867271248,38.791136709774925,28385.707036576492,1948142081.8629951,-0.0007113104804042,0,(110),True
canonical_single_crack_theta__peak__T1150K__theta30__rate1x__seed11693,Peak,1150.0,30.0,11693,2,1,1.7311603887108272e-05,29.295255423913503,1692232.3093199527,1.871799462085275e-05,32.043667928402854,1711917.7869997174,2.7484125044893517,2.3937825758696802,0.3546299286196737,-2.220446049250313e-15,PF_sharp_wake_map_load_scaling_passed,False,2.1132592767704974,0.3481009021981534,2836.5646981173477,1872.429354391088,25935.504000050383,3362847516.316744,-0.0866766185635724,0,(110),True,1.3511702595329222,0.6203842493747349,1005.8770970313994,105.58804990639148,29553.410051742212,1864774228.798302,-0.0039368241854736,0,(110),True
canonical_single_crack_theta__peak__T1200K__theta30__rate1x__seed12702,Peak,1200.0,30.0,12702,1,1,1.6644418735135353e-05,28.166223153446385,1692232.3093199527,1.7638632670581197e-05,30.044745859240997,1703348.9171386557,1.8785227057946123,1.6879670871417183,0.19055561865289164,2.4147350785597155e-15,PF_sharp_wake_map_load_scaling_passed,False,2.055482949240149,0.3569324338899834,2584.017252933136,1908.8275587199169,25866.439409852446,3279538798.6415815,-0.0934684324039209,0,(110),True,2.275451047278747,0.3274686648390996,2914.6310250439537,2390.5864630878623,26270.842749968637,3664519698.195732,-0.1137980191497084,0,(110),True
canonical_single_crack_theta__weakt__T0300K__theta15__rate1x__seed2003621,weak-T,300.0,15.0,2003621,17,1,1.2099341243273492e-05,20.507787476901576,1694950.7468683617,1.3973512658435882e-05,19.218978586461635,1375386.3510374422,-1.2888088904399417,2.8771690119038524,-4.165977902343794,0.0,PF_sharp_wake_map_load_scaling_passed,False,1.1543857005442528,0.7051856017692834,80.32617328710998,1058.2260492865844,125597.5085060968,1652785363.0063758,-0.1345915036507199,1,(1-10),True,1.032809199966759,1.5438517738463728,39.92221929437746,219.15483748723497,246009.76626676923,550701213.2073058,-0.0270659213304587,0,(110),True
canonical_single_crack_theta__weakt__T0300K__theta15__rate1x__seed2003621,weak-T,300.0,15.0,2003621,113,2,1.2099341243273492e-05,20.507787476901576,1694950.7468683617,1.620325858391479e-05,19.294483866710447,1190778.0010290253,-1.2133036101911294,5.921396124441593,-7.134699734632722,0.0,PF_sharp_wake_map_load_scaling_passed,False,1.1543857005442528,0.7051856017692834,80.32617328710998,1058.2260492865844,125597.5085060968,1652785363.0063758,-0.1345915036507199,1,(1-10),True,1.0132167610667138,2.50977233238796,43.4711171141277,72.26875111552067,392340.6815841777,406557412.932281,-0.0087189232725187,0,(110),True
canonical_single_crack_theta__weakt__T0300K__theta15__rate1x__seed2003621,weak-T,300.0,15.0,2003621,225,3,1.2099341243273492e-05,20.507787476901576,1694950.7468683617,1.9382218446621996e-05,21.22796140275123,1095228.6737048368,0.7201739258496538,10.160267047672342,-9.44009312182269,1.7763568394002505e-15,PF_sharp_wake_map_load_scaling_passed,False,1.1543857005442528,0.7051856017692834,80.32617328710998,1058.2260492865844,125597.5085060968,1652785363.0063758,-0.1345915036507199,1,(1-10),True,1.0180461950354045,1.53063811688019,17.87668610595258,214.8860088905787,240417.82211139088,644389986.1232532,-0.0264249571093156,1,(1-10),True
canonical_single_crack_theta__weakt__T0800K__theta30__rate1x__seed2005639,weak-T,800.0,30.0,2005639,56,1,1.0497988369342436e-05,17.76503510146635,1692232.3093199523,1.1328049927338348e-05,19.04274939528009,1681026.2593673435,1.277714293813741,1.4000061315238195,-0.12229183771007841,-1.5265566588595902e-16,PF_sharp_wake_map_load_scaling_passed,False,1.0911613359505747,0.8844902631463147,6.377273396214367,730.4945287623868,148904.79211844102,1242998370.0804987,-0.0730100564417098,1,(1-10),True,1.074699226378672,1.0060770653169375,14.635677250689769,573.6494618602273,166818.7392031486,927309686.713097,-0.0254040704707207,0,(110),True
canonical_single_crack_theta__weakt__T0950K__theta15__rate1x__seed2007657,weak-T,950.0,15.0,2007657,40,1,1.237483689701167e-05,20.974739040964085,1694950.7468683615,1.4500864183481989e-05,18.40673495784772,1269354.3450199976,-2.5680040831163637,3.1510967553887785,-5.719100838505144,1.7763568394002505e-15,PF_sharp_wake_map_load_scaling_passed,False,1.6896198838158092,0.3354228651834575,164.91069154666536,4901.259162773833,87439.63287742529,3566275549.1853676,-0.6489393026283986,1,(1-10),True,1.2348026014203533,0.5888906547108425,83.57477273360561,1561.411123393541,112191.214030123,2018956687.8429503,-0.1438402014802357,0,(110),True
canonical_single_crack_theta__weakt__T0950K__theta30__rate1x__seed2007657,weak-T,950.0,30.0,2007657,6,1,1.0307122194889442e-05,17.44204519430069,1692232.3093199518,1.1426989292602772e-05,18.155742249410192,1588847.4019279303,0.7136970551095025,1.8371866068006284,-1.1234895516911265,6.661338147750939e-16,PF_sharp_wake_map_load_scaling_passed,False,1.2040476974741778,0.6234493736009509,94.18021122315298,1405.6337047348648,115816.7926864332,1882201820.0388832,-0.1345418572269068,1,(1-10),True,1.2512213946234012,0.5631330532352117,49.862905656974434,1647.3182191837673,108710.5843717032,1998614638.6330984,-0.1381637552970887,0,(110),True
canonical_single_crack_theta__weakt__T0950K__theta30__rate1x__seed2007657,weak-T,950.0,30.0,2007657,144,2,1.0307122194889442e-05,17.44204519430069,1692232.3093199518,1.3159700347704035e-05,18.991341121697022,1443143.887771763,1.549295927396333,4.4719528203393635,-2.922656892943033,2.6645352591003757e-15,PF_sharp_wake_map_load_scaling_passed,False,1.2040476974741778,0.6234493736009509,94.18021122315298,1405.6337047348648,115816.7926864332,1882201820.0388832,-0.1345418572269068,1,(1-10),True,1.1805953862209049,0.658300557950325,0.1101415018251703,1298.905662980703,119909.0477983071,1492778393.7349813,0.0028385709897763,0,(110),True
canonical_single_crack_theta__weakt__T1100K__theta15__rate1x__seed2010684,weak-T,1100.0,15.0,2010684,4,1,1.255438182034941e-05,21.27905884287181,1694950.7468683613,1.3836548839998823e-05,20.04565396024768,1448746.6630623613,-1.2334048826241286,2.0153725693852276,-3.2487774520093553,-8.881784197001252e-16,PF_sharp_wake_map_load_scaling_passed,False,2.2199156297596874,0.252784236022527,27.44420151154469,8909.056112009268,86579.10770163187,4741051190.505538,-1.1944348970603462,0,(110),True,1.9063960841323229,0.2941517615547405,19.418280251263553,6579.6484484255625,86518.95000862831,4071548213.174834,-0.8518267007843338,0,(110),True
canonical_single_crack_theta__weakt__T1150K__theta15__rate1x__seed2011693,weak-T,1150.0,15.0,2011693,11,1,1.2351799377130312e-05,20.935691579435176,1694950.7468683608,1.5209989110676869e-05,18.54234157387936,1219089.7336582113,-2.393350005555817,4.164440292290062,-6.557790297845879,0.0,PF_sharp_wake_map_load_scaling_passed,False,2.1944074097242514,0.256384582979177,23.79937070414573,8635.356189951497,86803.21622575485,4674430934.008696,-1.1528046076181806,0,(110),True,1.638188329096706,0.3506787820901667,9.187264210234272,4605.21180204513,88633.92190683194,3367754022.362508,-0.6168098532631155,0,(110),True
canonical_single_crack_theta__weakt__T1300K__theta15__rate1x__seed2014720,weak-T,1300.0,15.0,2014720,115,1,1.1309731670002388e-05,19.1694381409513,1694950.7468683608,1.2558905806644818e-05,16.572193492915332,1319557.1133392141,-2.597244648035968,1.882822626838309,-4.480067274874279,1.7763568394002505e-15,PF_sharp_wake_map_load_scaling_passed,False,2.063760557180816,0.2713295627984038,51.08816639308853,7688.65171462178,86393.89859663008,4416786443.323247,-1.0266778194903234,0,(110),True,1.4049008801739369,0.4405287272551019,39.643947727997485,2984.6447142863667,95487.50996899582,2725134828.6282225,-0.40554613164678,0,(110),True
canonical_strain_rate__ceramiclike__T0600K__theta45__rate1x__seed3004630,ceramic-like,600.0,45.0,3004630,8,1,9.480902525796373e-06,16.102183591686817,1698380.881764658,1.0243021242167656e-05,15.650328397332627,1527901.5856088046,-0.45185519435418975,1.2294051263429193,-1.681260320697108,-1.1102230246251565e-15,PF_sharp_wake_map_load_scaling_passed,False,1.0000000000074958,9.9999998422756,1.7417116193915065e-07,7.947650894089163e-27,718464.2878033663,19973.44746921004,1.1416690553308348e-32,0,(110),True,1.0000007122379928,9.985046812137082,0.015701998284307,8.134974097404207e-22,717390.4769185365,4677044.590082076,-3.6416979078773186e-27,0,(110),True
canonical_strain_rate__ceramiclike__T0900K__theta45__rate1x__seed3006648,ceramic-like,900.0,45.0,3006648,76,1,8.360096591866514e-06,14.19862822133196,1698380.8817646578,1.4772293370664687e-05,14.36392235409388,972355.6115273364,0.16529413276191995,8.562643969652827,-8.397349836890909,1.7763568394002505e-15,PF_sharp_wake_map_load_scaling_passed,False,1.0005330842221671,5.5526308436273935,12.997325087961654,4.62891601416251e-11,399149.3696012647,135267946.1066967,8.385842412661951e-17,0,(110),True,1.060010721238653,0.6280159009179132,1433.977372862867,4.731982157609395e-09,47828.426183912976,1419096406.205209,1.0178874406502534e-14,0,(110),True
canonical_strain_rate__ceramiclike__T0950K__theta45__rate1x__seed3007657,ceramic-like,950.0,45.0,3007657,7,1,8.167178027096694e-06,13.870979019189424,1698380.881764658,9.475673222630414e-06,14.576967940044383,1538356.9692157311,0.7059889208549599,2.1176279636049875,-1.411639042750028,4.440892098500626e-16,PF_sharp_wake_map_load_scaling_passed,False,1.0005169103259062,5.6118274527952705,12.399350279191289,2.8067627289418175e-10,403398.18072531815,133200110.55942573,4.714691202290763e-16,1,(1-10),True,1.067677518504666,0.5915070054227805,1664.8655560911066,1.8879415700881674e-08,45373.803226429634,1481818600.0436485,1.0771049678316841e-13,0,(110),True
canonical_strain_rate__ceramiclike__T0950K__theta45__rate1x__seed3007657,ceramic-like,950.0,45.0,3007657,8,2,8.167178027096694e-06,13.870979019189424,1698380.881764658,1.0828972717158892e-05,14.45470457374684,1334817.7109027938,0.5837255545574163,4.036875953933178,-3.4531503993757613,-4.440892098500626e-16,PF_sharp_wake_map_load_scaling_passed,False,1.0005169103259062,5.6118274527952705,12.399350279191289,2.8067627289418175e-10,403398.18072531815,133200110.55942573,4.714691202290763e-16,1,(1-10),True,1.0586106654211458,0.6354425318867782,1460.0715608421708,2.0570357884896253e-08,48330.104904625114,1420333651.564977,-1.4447878301585e-13,0,(110),True
canonical_strain_rate__ceramiclike__T1200K__theta45__rate1x__seed3012702,ceramic-like,1200.0,45.0,3012702,13,1,7.124619792008269e-06,12.100318044588942,1698380.8817646585,7.923938350666263e-06,12.658760204643944,1597533.9085745874,0.5584421600550016,1.3172429298367647,-0.758800769781762,-1.1102230246251565e-15,PF_sharp_wake_map_load_scaling_passed,False,1.0003946012674036,6.130670911081865,9.428645995712378,1.9817858013252318e-07,440640.6266972651,116379428.62803894,6.380995640298716e-14,0,(110),True,1.0587842687069635,0.6345073180989274,1428.9537506069178,1.4180763180106484e-05,48266.88904614683,1377962515.6897569,-2.1155024478913497e-11,1,(1-10),True
canonical_strain_rate__ceramiclike__T1300K__theta45__rate1x__seed3014720,ceramic-like,1300.0,45.0,3014720,78,1,6.687624107492752e-06,11.358132928594127,1698380.8817646585,7.657072878473452e-06,11.923686721276788,1557212.1240739643,0.5655537926826604,1.5780653191618077,-1.012511526479147,-2.220446049250313e-16,PF_sharp_wake_map_load_scaling_passed,False,1.000346868451125,6.376091339605938,8.307230331522959,1.2762877969514642e-06,458258.29977901385,109113727.64045513,-8.449554067833925e-13,1,(1-10),True,1.0444095016757635,0.7295354773712023,1004.1644248039778,9.62454848411144e-05,54742.222237514165,1335209283.7595203,9.45284220289904e-11,0,(110),True
canonical_strain_rate__dbtt__T0300K__theta45__rate1x__seed1003621,DBTT,300.0,45.0,1003621,10,1,1.3752245763737945e-05,23.356551286461535,1698380.881764658,1.6857321267736194e-05,23.412144791268116,1388841.347888257,0.05559350480658054,4.793029060347062,-4.737435555540481,-8.881784197001252e-16,PF_sharp_wake_map_load_scaling_passed,False,1.0,10.0,2.7040170734808263e-19,1.0030726546689933e-19,13098.721493975596,0.0227778112029423,1.3502412222842265e-25,0,(110),True,1.0,9.999999999999996,2.3257521679401465e-15,1.0816945330755776e-15,13098.72149397559,1.8850822718729372,-4.085616355006789e-21,0,(110),True
canonical_strain_rate__dbtt__T0950K__theta45__rate1x__seed1007657,DBTT,950.0,45.0,1007657,118,1,1.246642776206286e-05,21.172742574987733,1698380.8817646583,1.780277028027815e-05,22.097242533523055,1241224.9434012135,0.9244999585353213,7.843371775812992,-6.918871817277674,3.552713678800501e-15,PF_sharp_wake_map_load_scaling_passed,False,1.0000000000000029,9.99999999999012,0.0,9.3759925451846e-12,13098.721493962694,121.01758596271873,-3.356326288372687e-16,0,(110),True,1.0000137623162342,9.954562284056731,1.3386707144160402e-14,0.0426938773917482,13039.383344976724,8128630.95603264,3.192201575750448e-07,0,(110),True
canonical_strain_rate__dbtt__T1000K__theta45__rate1x__seed1008666,DBTT,1000.0,45.0,1008666,2,1,1.2941651912880912e-05,21.979854187289952,1698380.8817646578,1.3663080794536435e-05,24.294677698416574,1778125.8900358314,2.3148235111266224,1.2540261962239405,1.0607973149026793,2.6645352591003757e-15,PF_sharp_wake_map_load_scaling_passed,False,1.0033396448720746,5.572471862894576,0.0,12.506738051367655,7323.602518174599,126634416.64566706,-0.0006477406965921,0,(110),True,1.2287085772918598,0.8083025827467812,3.4983740921805174e-10,862.3218019569289,1300.9235174056696,1047908066.4334008,-0.0446635813049117,0,(110),True
canonical_strain_rate__dbtt__T1000K__theta45__rate1x__seed1008666,DBTT,1000.0,45.0,1008666,3,2,1.2941651912880912e-05,21.979854187289952,1698380.8817646578,1.4397296710203346e-05,26.1949149892491,1819432.8780266643,4.215060801959147,2.5603436486947544,1.6547171532643912,1.7763568394002505e-15,PF_sharp_wake_map_load_scaling_passed,False,1.0033396448720746,5.572471862894576,0.0,12.506738051367655,7323.602518174599,126634416.64566706,-0.0006477406965921,0,(110),True,1.3993652919146753,0.6125437828734568,0.0,1506.2078284201318,1122.7863974641784,1384721624.3154004,0.0776884403829517,0,(110),True
canonical_strain_rate__dbtt__T1000K__theta45__rate1x__seed1008666,DBTT,1000.0,45.0,1008666,11,3,1.2941651912880912e-05,21.979854187289952,1698380.8817646578,1.5811874539619018e-05,30.818436914340868,1949069.15287752,8.838582727050916,5.234496809663334,3.6040859173875797,2.6645352591003757e-15,PF_sharp_wake_map_load_scaling_passed,False,1.0033396448720746,5.572471862894576,0.0,12.506738051367655,7323.602518174599,126634416.64566706,-0.0006477406965921,0,(110),True,2.042931162434404,0.3794878033918565,1.594887223674658e-09,3931.656607784316,1015.5012532883096,2324480133.7719235,-0.1972276774807079,0,(110),True
canonical_strain_rate__dbtt__T1000K__theta45__rate1x__seed1008666,DBTT,1000.0,45.0,1008666,12,4,1.2941651912880912e-05,21.979854187289952,1698380.8817646578,1.7331264207748023e-05,32.71172912959429,1887440.4508224137,10.731874942304337,7.87018270436049,2.8616922379438483,-8.881784197001252e-16,PF_sharp_wake_map_load_scaling_passed,False,1.0033396448720746,5.572471862894576,0.0,12.506738051367655,7323.602518174599,126634416.64566706,-0.0006477406965921,0,(110),True,2.254985174191619,0.3459865312465247,0.0,4745.534056849215,1021.955044607832,2533747546.208198,-0.2396429300029898,0,(110),True
canonical_strain_rate__dbtt__T1050K__theta45__rate1x__seed1009675,DBTT,1050.0,45.0,1009675,5,1,1.2741484957674787e-05,21.63989445740684,1698380.8817646587,1.5361303877544754e-05,28.75014617228232,1871595.4323584118,7.110251714875481,4.676345745613634,2.4339059692618474,-4.440892098500626e-16,PF_sharp_wake_map_load_scaling_passed,False,1.0079298779407522,3.99292470633412,0.0,29.89192527606274,5271.695880550695,207364697.36825883,-0.0015610397742197,0,(110),True,1.7007567642364048,0.4627957392755015,0.0,2663.8443964249295,1031.0042774920107,1874787220.547575,0.135503058541214,0,(110),True
canonical_strain_rate__dbtt__T1050K__theta45__rate1x__seed1009675,DBTT,1050.0,45.0,1009675,12,2,1.2741484957674787e-05,21.63989445740684,1698380.8817646587,1.653686859160986e-05,32.70720114763587,1977835.221127063,11.067306690229032,6.976325215861908,4.090981474367124,0.0,PF_sharp_wake_map_load_scaling_passed,False,1.0079298779407522,3.99292470633412,0.0,29.89192527606274,5271.695880550695,207364697.36825883,-0.0015610397742197,0,(110),True,2.250815126542551,0.346562095855398,0.0,4734.054329672496,1021.7621124998532,2471975237.765108,0.2100965037203759,0,(110),True
canonical_strain_rate__dbtt__T1050K__theta45__rate1x__seed1009675,DBTT,1050.0,45.0,1009675,13,3,1.2741484957674787e-05,21.63989445740684,1698380.8817646587,1.713906978889083e-05,34.18916973887813,1994808.9458763276,12.549275281471289,8.120557782417693,4.428717499053592,3.552713678800501e-15,PF_sharp_wake_map_load_scaling_passed,False,1.0079298779407522,3.99292470633412,0.0,29.89192527606274,5271.695880550695,207364697.36825883,-0.0015610397742197,0,(110),True,2.4830066821665064,0.318307526214177,0.0,5692.56082965707,1035.2701781258836,2674154909.8540606,0.2579167032574661,0,(110),True
canonical_strain_rate__dbtt__T1050K__theta45__rate1x__seed1009675,DBTT,1050.0,45.0,1009675,14,4,1.2741484957674787e-05,21.63989445740684,1698380.8817646587,1.7555654837628967e-05,33.963349548895714,1934610.2360191275,12.323455091488874,8.744918206687885,3.5785368848009877,1.7763568394002505e-15,PF_sharp_wake_map_load_scaling_passed,False,1.0079298779407522,3.99292470633412,0.0,29.89192527606274,5271.695880550695,207364697.36825883,-0.0015610397742197,0,(110),True,2.345610466690759,0.3341460405756081,0.0,5067.203758173164,1026.6469434410888,2637799719.273665,0.2064254866654156,0,(110),True
canonical_strain_rate__dbtt__T1100K__theta45__rate1x__seed1010684,DBTT,1100.0,45.0,1010684,2,1,1.274728859762256e-05,21.649751248538777,1698380.8817646583,1.3486032494533486e-05,23.95921914221465,1776595.0921389542,2.3094678936758726,1.2835586463166968,1.0259092473591742,1.5543122344752192e-15,PF_sharp_wake_map_load_scaling_passed,False,1.0079370835595471,3.991400692932939,0.0,30.057070059687323,5269.7214603150305,207458888.58145,-0.0015839438923108,0,(110),True,1.2387306142960868,0.7912627159960424,0.0,910.1688200402954,1283.8860546154128,1089867857.3112583,-0.0470500411006212,0,(110),True
canonical_strain_rate__dbtt__T1100K__theta45__rate1x__seed1010684,DBTT,1100.0,45.0,1010684,4,2,1.274728859762256e-05,21.649751248538777,1698380.8817646583,1.528096050023864e-05,33.13495949833336,2168381.9873636803,11.485208249794582,4.898554217794803,6.586654031999777,8.881784197001252e-16,PF_sharp_wake_map_load_scaling_passed,False,1.0079370835595471,3.991400692932939,0.0,30.057070059687323,5269.7214603150305,207458888.58145,-0.0015839438923108,0,(110),True,2.147338627436449,0.3618331023219756,0.0,4333.807707922975,1017.7421013338897,2355566693.750076,-0.2161552856527975,0,(110),True
canonical_strain_rate__dbtt__T1100K__theta45__rate1x__seed1010684,DBTT,1100.0,45.0,1010684,11,3,1.274728859762256e-05,21.649751248538777,1698380.8817646583,1.9023901459127984e-05,34.35746391024653,1806015.6579375702,12.707712661707752,10.997870196455052,1.709842465252696,4.440892098500626e-15,PF_sharp_wake_map_load_scaling_passed,False,1.0079370835595471,3.991400692932939,0.0,30.057070059687323,5269.7214603150305,207458888.58145,-0.0015839438923108,0,(110),True,2.560895663490762,0.3102719415206844,0.0,5909.373871086041,1040.790444328091,3182122793.931218,0.2457870888915206,0,(110),True
canonical_strain_rate__dbtt__T1100K__theta45__rate1x__seed1010684,DBTT,1100.0,45.0,1010684,12,4,1.274728859762256e-05,21.649751248538777,1698380.8817646583,1.993594258805619e-05,35.42296226489163,1776839.0989505488,13.773211016352853,12.491076991001526,1.2821340253513271,2.220446049250313e-16,PF_sharp_wake_map_load_scaling_passed,False,1.0079370835595471,3.991400692932939,0.0,30.057070059687323,5269.7214603150305,207458888.58145,-0.0015839438923108,0,(110),True,2.7103144902934035,0.2964215107145359,0.0,6485.741731519377,1052.3454109981078,3317275905.6776137,0.2644178323322844,0,(110),True
canonical_strain_rate__dbtt__T1150K__theta45__rate1x__seed1011693,DBTT,1150.0,45.0,1011693,3,1,1.2623551202100948e-05,21.43959802162551,1698380.8817646576,1.348342271216324e-05,23.983706376145324,1778755.0600568133,2.544108354519814,1.4949450664929502,1.0491632880268642,-4.440892098500626e-16,PF_sharp_wake_map_load_scaling_passed,False,1.0077687121219236,4.027474674421618,0.0,29.47279725793768,5316.460569836322,205246653.61324424,-0.0015526301791008,0,(110),True,1.259695049443131,0.7588443505824661,0.0,1004.0783613828576,1252.123123976482,1135643436.861893,-0.0520835112385589,0,(110),True
canonical_strain_rate__dbtt__T1150K__theta45__rate1x__seed1011693,DBTT,1150.0,45.0,1011693,5,2,1.2623551202100948e-05,21.43959802162551,1698380.8817646576,1.495626077121388e-05,31.29116162582812,2092178.1255682444,9.85156360420261,4.421136634346338,5.430426969856271,1.7763568394002505e-15,PF_sharp_wake_map_load_scaling_passed,False,1.0077687121219236,4.027474674421618,0.0,29.47279725793768,5316.460569836322,205246653.61324424,-0.0015526301791008,0,(110),True,2.0575089538556064,0.3768668422380372,0.0,4012.258660317226,1015.683905794428,2268434500.0190244,-0.1889727019572966,0,(110),True
canonical_strain_rate__dbtt__T1150K__theta45__rate1x__seed1011693,DBTT,1150.0,45.0,1011693,9,3,1.2623551202100948e-05,21.43959802162551,1698380.8817646576,1.5362043534600048e-05,32.52515286105568,2117241.289402613,11.08555483943017,5.224526029727568,5.861028809702599,2.6645352591003757e-15,PF_sharp_wake_map_load_scaling_passed,False,1.0077687121219236,4.027474674421618,0.0,29.47279725793768,5316.460569836322,205246653.61324424,-0.0015526301791008,0,(110),True,2.3613050754557254,0.3322163948758637,0.0,5216.762559442342,1027.5478855465208,2582370972.639412,-0.2465689729504242,0,(110),True
canonical_strain_rate__dbtt__T1150K__theta45__rate1x__seed1011693,DBTT,1150.0,45.0,1011693,12,4,1.2623551202100948e-05,21.43959802162551,1698380.8817646576,1.614114243889667e-05,31.57806445464417,1956371.091710823,10.13846643301866,6.4279617572796095,3.710504675739051,-4.440892098500626e-16,PF_sharp_wake_map_load_scaling_passed,False,1.0077687121219236,4.027474674421618,0.0,29.47279725793768,5316.460569836322,205246653.61324424,-0.0015526301791008,0,(110),True,2.2131594251637905,0.3518929696602618,0.0,4649.394132389164,1020.1221981718292,2430153552.136919,0.1846954552574733,0,(110),True
canonical_strain_rate__dbtt__T1150K__theta45__rate1x__seed1011693,DBTT,1150.0,45.0,1011693,13,5,1.2623551202100948e-05,21.43959802162551,1698380.8817646576,1.713069624743223e-05,33.46881562667396,1953733.528588524,12.029217605048448,8.23030468480316,3.7989129202452885,-8.881784197001252e-16,PF_sharp_wake_map_load_scaling_passed,False,1.0077687121219236,4.027474674421618,0.0,29.47279725793768,5316.460569836322,205246653.61324424,-0.0015526301791008,0,(110),True,2.4374045645836517,0.3233121098344455,0.0,5441.269109852861,1032.234808410139,2648819259.8485937,0.2366100599052658,0,(110),True
canonical_strain_rate__dbtt__T1150K__theta45__rate1x__seed1011693,DBTT,1150.0,45.0,1011693,16,6,1.2623551202100948e-05,21.43959802162551,1698380.8817646576,1.7527527705258753e-05,32.06271014453169,1829277.390610655,10.623112122906182,8.649776639449394,1.9733354834567889,-8.881784197001252e-16,PF_sharp_wake_map_load_scaling_passed,False,1.0077687121219236,4.027474674421618,0.0,29.47279725793768,5316.460569836322,205246653.61324424,-0.0015526301791008,0,(110),True,2.1538013923538633,0.3608196380149799,0.0,4362.963320973122,1017.9459717268576,2735383532.983325,0.1714271096953626,0,(110),True
canonical_strain_rate__dbtt__T1200K__theta45__rate1x__seed1012702,DBTT,1200.0,45.0,1012702,2,1,1.2526521268864192e-05,21.27480423805731,1698380.881764658,1.3650233433751048e-05,24.8152195707148,1817933.7145515499,3.5404153326574885,1.9756627437248684,1.5647525889326221,-1.9984014443252818e-15,PF_sharp_wake_map_load_scaling_passed,False,1.0074957357503247,4.088097598874893,0.0,29.057555807081993,5395.023993133722,201608437.71992207,-0.0015318683270905,0,(110),True,1.3682139675586953,0.6378275112769514,0.0,1390.0156454725236,1143.1051346269262,1350393435.5641649,0.0723868776563362,0,(110),True
canonical_strain_rate__dbtt__T1200K__theta45__rate1x__seed1012702,DBTT,1200.0,45.0,1012702,5,2,1.2526521268864192e-05,21.27480423805731,1698380.881764658,1.4068890352296422e-05,30.770045354000068,2187098.241829539,9.495241115942758,2.9964214372765223,6.498819678666238,-2.6645352591003757e-15,PF_sharp_wake_map_load_scaling_passed,False,1.0074957357503247,4.088097598874893,0.0,29.057555807081993,5395.023993133722,201608437.71992207,-0.0015318683270905,0,(110),True,2.017977006737812,0.3841041456651333,0.0,3899.238309729666,1015.2993690231024,2265333781.527748,-0.1846442954666321,0,(110),True
canonical_strain_rate__dbtt__T1200K__theta45__rate1x__seed1012702,DBTT,1200.0,45.0,1012702,8,3,1.2526521268864192e-05,21.27480423805731,1698380.881764658,1.72858682624663e-05,29.6253179529996,1713846.102676056,8.350513714942288,8.11998611994295,0.23052759499933853,-1.2490009027033011e-15,PF_sharp_wake_map_load_scaling_passed,False,1.0074957357503247,4.088097598874893,0.0,29.057555807081993,5395.023993133722,201608437.71992207,-0.0015318683270905,0,(110),True,1.942905126792736,0.3990786318649742,0.0,3728.642991727324,1015.638083228428,2133506877.0166447,-0.1530421929126011,0,(110),True
canonical_strain_rate__dbtt__T1250K__theta45__rate1x__seed1013711,DBTT,1250.0,45.0,1013711,1,1,1.2466625457482802e-05,21.173078337109384,1698380.881764659,1.354691141097408e-05,24.62722340584406,1817921.639754287,3.4541450687346753,1.8993061111114398,1.5548389576232347,8.881784197001252e-16,PF_sharp_wake_map_load_scaling_passed,False,1.007454961456003,4.097389868938425,0.0,28.76207194211803,5407.068076678079,201059348.2489965,-0.0015103724679212,0,(110),True,1.3623343140124728,0.6429605249093271,0.0,1361.8341443567451,1147.3526253692985,1339568769.995675,0.0702129420813081,0,(110),True
canonical_strain_rate__dbtt__T1250K__theta45__rate1x__seed1013711,DBTT,1250.0,45.0,1013711,4,2,1.2466625457482802e-05,21.173078337109384,1698380.881764659,1.4447445169796351e-05,31.541227522231395,2183169.906619275,10.368149185122011,3.8443261579885477,6.523823027133462,1.7763568394002505e-15,PF_sharp_wake_map_load_scaling_passed,False,1.007454961456003,4.097389868938425,0.0,28.76207194211803,5407.068076678079,201059348.2489965,-0.0015103724679212,0,(110),True,2.062482224026218,0.3759850377099917,0.0,3999.14063718364,1015.756675035189,2281647566.9833474,0.2032510580909664,0,(110),True
canonical_strain_rate__dbtt__T1250K__theta45__rate1x__seed1013711,DBTT,1250.0,45.0,1013711,11,3,1.2466625457482802e-05,21.173078337109384,1698380.881764659,1.620229452126845e-05,30.73541733893536,1896979.3012088228,9.562339001825976,6.71553790435037,2.846801097475604,1.3322676295501878e-15,PF_sharp_wake_map_load_scaling_passed,False,1.007454961456003,4.097389868938425,0.0,28.76207194211803,5407.068076678079,201059348.2489965,-0.0015103724679212,0,(110),True,2.1444150550460312,0.3622943789307866,0.0,4329.100835695199,1017.6521435541848,2364028856.826942,-0.1797913920818461,0,(110),True
canonical_strain_rate__dbtt__T1300K__theta45__rate1x__seed1014720,DBTT,1300.0,45.0,1014720,3,1,1.2123103261693805e-05,20.58964680731953,1698380.8817646583,1.4118268095123691e-05,26.42169085624612,1871454.1102510942,5.832044048926591,3.561204618608645,2.2708394303179453,4.440892098500626e-16,PF_sharp_wake_map_load_scaling_passed,False,1.0071169532525095,4.176941393595976,0.0,27.076303406451864,5510.197897104054,196448459.38448825,-0.0014137504490248,0,(110),True,1.5598107491482462,0.5176489286473627,0.0,2165.928631537857,1057.6357848081263,1678005715.3969145,0.11150185179494,0,(110),True
canonical_strain_rate__dbtt__T1300K__theta45__rate1x__seed1014720,DBTT,1300.0,45.0,1014720,11,2,1.2123103261693805e-05,20.58964680731953,1698380.8817646583,1.488312635065598e-05,31.258739933156857,2100280.491926289,10.669093125837328,5.242196549267894,5.426896576569435,-8.881784197001252e-16,PF_sharp_wake_map_load_scaling_passed,False,1.0071169532525095,4.176941393595976,0.0,27.076303406451864,5510.197897104054,196448459.38448825,-0.0014137504490248,0,(110),True,2.002041099338884,0.3871418459942375,0.0,3906.598649461597,1015.247698246866,2744382199.202159,0.1231386035956363,0,(110),True
canonical_strain_rate__peak__T0800K__theta45__rate1x__seed5639,Peak,800.0,45.0,5639,153,1,1.2783771708137992e-05,21.71171346594549,1698380.8817646578,2.4938520921547903e-05,25.955152451316177,1040765.5102307957,4.2434389853706875,16.646818726760664,-12.403379741389978,1.7763568394002505e-15,PF_sharp_wake_map_load_scaling_passed,False,1.0073030308588216,3.986247513934388,30.141744909919552,0.0211359352870471,141566.71712972125,207796620.0164204,4.467142271905162e-08,0,(110),True,1.2135670824892026,0.8010352341324114,708.8124076473442,0.2775663161187759,34273.00356528218,1221790303.3302968,6.40382436966056e-07,0,(110),True
canonical_strain_rate__peak__T0900K__theta45__rate1x__seed6648,Peak,900.0,45.0,6648,10,1,1.2661933742329446e-05,21.504786194143165,1698380.8817646583,1.7413210930848272e-05,28.707119927308003,1648582.7939091965,7.2023337331648385,7.951176081515153,-0.7488423483503133,-1.3322676295501878e-15,PF_sharp_wake_map_load_scaling_passed,False,1.0071847251250456,4.012832434576102,29.34328407783617,0.3578716596409957,142494.11053686184,206140260.73195723,7.720818197278611e-07,0,(110),True,1.4211032446379273,0.5703400888667429,1412.1648241078774,10.950940299675398,28575.661254658786,1629682148.0614047,5.2865914178173024e-05,0,(110),True
canonical_strain_rate__peak__T1050K__theta45__rate1x__seed9675,Peak,1050.0,45.0,9675,13,1,1.2127045442687867e-05,20.596342132152294,1698380.8817646578,1.6774738514577833e-05,29.01075796140856,1729431.307450617,8.414415829256267,7.965709481777903,0.4487063474783628,1.1102230246251565e-15,PF_sharp_wake_map_load_scaling_passed,False,1.0063344315957257,4.1584258407599775,20.627954992436603,7.489674142045205,147539.41331163468,197507524.9604656,1.4094235236525604e-05,1,(1-10),True,1.039925381717225,1.8105743668771643,110.59486735841452,2.7978720129365837,66382.75995318417,486385887.22329754,-5.41689095930936e-06,0,(110),True
canonical_strain_rate__peak__T1150K__theta45__rate1x__seed11693,Peak,1150.0,45.0,11693,12,1,1.192426482725146e-05,20.25194341170263,1698380.8817646578,1.4854198710699552e-05,24.93419331147949,1678595.648078901,4.68224989977686,4.9471589791988,-0.2649090794219393,-1.1102230246251565e-15,PF_sharp_wake_map_load_scaling_passed,False,1.0058725037255032,4.21586005751258,17.613867905993974,10.328181507372287,149508.49917145356,194249520.1068341,-5.296751259488522e-06,0,(110),True,1.5390254478252858,0.5011963007323282,1372.6377833131044,899.3123052465778,27195.084764506588,1819690947.0916784,0.000232810348739,0,(110),True
canonical_strain_rate__peak__T1250K__theta45__rate1x__seed13711,Peak,1250.0,45.0,13711,6,1,1.1815507116047222e-05,20.06723139424888,1698380.8817646585,2.004344029525426e-05,26.54176008671678,1324211.7967643084,6.474528692467903,12.43484529344838,-5.960316600980475,-1.7763568394002505e-15,PF_sharp_wake_map_load_scaling_passed,False,1.0060791910605869,4.26345060755227,13.573544232390551,12.619910747893316,151227.28715767377,191609310.9491394,-0.0001105963608804,1,(1-10),True,1.803988181508812,0.4060990277607185,1773.9868323121946,1739.6283365631118,25828.691005834175,2161344580.793556,0.0183310571829797,0,(110),True
canonical_strain_rate__peak__T1300K__theta45__rate1x__seed14720,Peak,1300.0,45.0,14720,11,1,1.1673593059021114e-05,19.826207272942067,1698380.8817646578,1.6172180021515392e-05,25.59352876598195,1582565.1663494,5.7673214930398835,7.379810558346512,-1.6124890653066302,1.5543122344752192e-15,PF_sharp_wake_map_load_scaling_passed,False,1.005629688877794,4.2894497173945085,11.090906272589429,14.875246783886816,152081.51373697518,190188969.90509552,-0.0002581747487877,0,(110),True,1.688494123479682,0.4392234961033874,1204.580549577758,1792.1133819611682,26147.000606644546,2043935996.932296,-0.0331573210317135,0,(110),True
canonical_strain_rate__weakt__T0950K__theta45__rate1x__seed2007657,weak-T,950.0,45.0,2007657,24,1,9.030019788305909e-06,15.3364129704153,1698380.881764658,1.015686280724283e-05,17.422684003586266,1715360.7697804286,2.0862710331709664,1.923375474248888,0.16289555892207763,7.771561172376096e-16,PF_sharp_wake_map_load_scaling_passed,False,1.0024376436688365,5.255815358873847,6.35162063691288,16.469043432332317,812875.6533365678,146183575.13926804,-0.0010248610619907,0,(110),True,1.1241920282883795,0.7980809621745419,20.110884920740236,783.736785606205,138424.86282619237,1106704421.3398066,0.0327505003997146,0,(110),True
canonical_strain_rate__weakt__T1000K__theta45__rate1x__seed2008666,weak-T,1000.0,45.0,2008666,7,1,9.339530994978596e-06,15.862080886520104,1698380.8817646583,1.1394077128451849e-05,17.439179921471673,1530547.8210187606,1.5770990349515692,3.316991490782239,-1.7398924558306699,0.0,PF_sharp_wake_map_load_scaling_passed,False,1.0021195799405969,5.1148101806707515,0.3952460243875058,16.434109582453065,790816.4926262342,151723455.3178549,-0.0008872370186662,0,(110),True,1.2437007776765152,0.5769079474948227,84.51820469955732,1650.850067812191,110700.37119594518,1526179892.6510687,0.0835473734431338,0,(110),True
canonical_strain_rate__weakt__T1000K__theta45__rate1x__seed2008666,weak-T,1000.0,45.0,2008666,8,2,9.339530994978596e-06,15.862080886520104,1698380.8817646583,1.1854485778151654e-05,17.991649442103462,1517708.1299690683,2.129568555583358,4.044159221585024,-1.9145906660016656,-2.220446049250313e-16,PF_sharp_wake_map_load_scaling_passed,False,1.0021195799405969,5.1148101806707515,0.3952460243875058,16.434109582453065,790816.4926262342,151723455.3178549,-0.0008872370186662,0,(110),True,1.2047274908514036,0.6184145540844536,0.2394560498298507,1472.847990858293,114946.3464965809,1464555548.3563032,0.0762174693770519,0,(110),True
canonical_strain_rate__weakt__T1100K__theta45__rate1x__seed2010684,weak-T,1100.0,45.0,2010684,27,1,8.98087845414247e-06,15.252952267967714,1698380.881764659,1.0677255413084936e-05,16.87480227883042,1580443.8150042202,1.6218500108627047,2.781061334005123,-1.1592113231424201,1.9984014443252818e-15,PF_sharp_wake_map_load_scaling_passed,False,1.001803483548044,5.253475473151619,1.178266555415337,15.791879924320638,811999.7507523955,146273527.5106728,-0.0009263145218769,0,(110),True,1.2283887304920071,0.5849383411975946,24.943923626071115,1663.782931839762,110859.40977877242,1495987573.7196465,0.0880837635537798,0,(110),True
canonical_theta0_shared__ceramiclike__T0600K__theta0__rate1x__seed3004630,ceramic-like,600.0,0.0,3004630,8,1,9.481217798894616e-06,16.10271904548941,1698380.881764658,1.0315470949338536e-05,15.670014614842769,1519078.9341370384,-0.43270443064663944,1.3420879939213528,-1.7747924245679938,1.5543122344752192e-15,PF_sharp_wake_map_load_scaling_passed,False,1.0000121300929643,9.754134705991746,0.282214245145552,1.261989652013855e-20,700808.2562820988,27152194.942163095,-1.3812342713599007e-24,0,(110),True,1.0000071577484515,9.852707219207124,0.1561545401334035,8.292770947803473e-21,707886.9055181255,20821374.934563607,-7.463367351097646e-25,0,(110),True
canonical_theta0_shared__ceramiclike__T1050K__theta0__rate1x__seed3009675,ceramic-like,1050.0,0.0,3009675,114,1,9.238140834684332e-06,15.68988177667727,1698380.881764658,1.1791720015216844e-05,14.488226738938785,1228677.9808409784,-1.201655037738485,3.737238285871465,-4.93889332360995,0.0,PF_sharp_wake_map_load_scaling_passed,False,1.443476099539105,0.2314151376586764,10654.774278391356,5.893449471442408e-06,23999.74096746013,5191783949.5847645,-6.515941754978643e-10,0,(110),True,1.1815440345049366,0.3615498333003719,4364.504972888559,1.558516916205115e-06,30691.864355046608,3321749904.2398233,2.246132753405047e-11,0,(110),True
canonical_theta0_shared__ceramiclike__T1100K__theta0__rate1x__seed3010684,ceramic-like,1100.0,0.0,3010684,8,1,8.710791079623953e-06,14.794241034679452,1698380.8817646585,1.0883163430519528e-05,14.469726805941622,1329551.5498154091,-0.3245142287378293,3.2888983473722733,-3.6134125761101012,-1.3322676295501878e-15,PF_sharp_wake_map_load_scaling_passed,False,1.4005447228029595,0.2434943581184681,9781.10757402391,1.5079384499674103e-05,24501.409958516244,4934089342.727726,-1.6704279329460135e-09,0,(110),True,1.2404328972192042,0.3142184966484523,5974.185361726862,8.386615295643858e-06,28003.3645853558,3822435601.0163183,-9.285878271444307e-10,0,(110),True
canonical_theta0_shared__ceramiclike__T1300K__theta0__rate1x__seed3014720,ceramic-like,1300.0,0.0,3014720,12,1,7.69821887959935e-06,13.074507768751278,1698380.8817646578,9.555435656430643e-06,12.699746358238295,1329059.9000257603,-0.37476141051298306,2.811306905402206,-3.1860683159151897,4.440892098500626e-16,PF_sharp_wake_map_load_scaling_passed,False,1.332288549888782,0.2673192680650391,8026.082411578147,0.0013959816859948,25587.84736691759,4494063497.135275,-1.5619624594992182e-07,0,(110),True,1.196508409514355,0.3475283213968518,4748.945650512418,0.0002514693583976,29875.22265545312,3455644663.7180185,-2.8129304344377303e-08,0,(110),True
canonical_theta0_shared__dbtt__T0300K__theta0__rate1x__seed1003621,DBTT,300.0,0.0,1003621,10,1,1.3752245763737945e-05,23.35655128646154,1698380.8817646585,1.7605329144030616e-05,23.4074457560292,1329565.9265743345,0.050894469567662526,5.833465761810606,-5.782571292242944,8.881784197001252e-16,PF_sharp_wake_map_load_scaling_passed,False,1.0000000000000002,9.9999999999996,3.662309824890186e-13,1.764858253435444e-13,13098.721493975076,33.92569621280032,-1.9465675255278598e-17,0,(110),True,1.0,9.999999999999952,4.618170011256409e-14,2.0330124412332493e-14,13098.721493975534,11.547730680664316,-1.8723864898038805e-18,0,(110),True
canonical_theta0_shared__dbtt__T0600K__theta0__rate1x__seed1004630,DBTT,600.0,0.0,1004630,13,1,1.3712509964190322e-05,23.289064764188225,1698380.8817646585,1.7633800004812764e-05,23.325893114500133,1322794.469038655,0.03682835031190734,5.923452407039523,-5.886624056727614,-1.7763568394002505e-15,PF_sharp_wake_map_load_scaling_passed,False,1.0000000000028535,9.99999999062974,0.0,8.759055328509473e-09,13098.721481739132,5202.440332395002,-1.186618476376988e-12,0,(110),True,1.0000000000000728,9.99999999975802,0.0,2.2578725410752643e-10,13098.721493659586,834.315395929106,-2.528986177559624e-14,0,(110),True
canonical_theta0_shared__dbtt__T0950K__theta0__rate1x__seed1007657,DBTT,950.0,0.0,1007657,8,1,1.2803378851727412e-05,21.745013863763777,1698380.881764658,1.6988023166068934e-05,22.32405299450018,1314105.400979743,0.5790391307364047,6.303091797559093,-5.724052666822687,-8.881784197001252e-16,PF_sharp_wake_map_load_scaling_passed,False,1.0327087060767872,2.0967382975775455,0.0,102.4884418039511,2836.292224044609,560414644.7111351,-0.0139008456429719,0,(110),True,1.0005788804992195,8.49759087136246,0.0,2.1444203052552053,11137.200997900023,74531380.81391165,-0.0002533806403358,1,(1-10),True
canonical_theta0_shared__dbtt__T1000K__theta0__rate1x__seed1008666,DBTT,1000.0,0.0,1008666,11,1,3.308336835384481e-05,56.18816031654793,1698380.881764658,3.522847595920279e-05,46.90583067841581,1331474.876538408,-9.282329638132119,3.2496833151367897,-12.532012953268913,5.329070518200751e-15,PF_sharp_wake_map_load_scaling_passed,False,7.569372476331099,0.1512958204746748,1.0060375643665324e-08,24800.36347999708,1500.0844729098358,7942331936.540933,-3.6577771094603664,0,(110),True,4.861053159604429,0.1973336370325982,0.0,14603.954741111433,1256.4939421286756,6088319293.14522,-1.8607889648049616,0,(110),True
canonical_theta0_shared__dbtt__T1150K__theta0__rate1x__seed1011693,DBTT,1150.0,0.0,1011693,12,1,3.2179051447870945e-05,54.65228577238534,1698380.8817646578,3.841541213184869e-05,51.037146843919714,1328559.138419521,-3.615138928465626,9.438544867317711,-13.05368379578334,1.7763568394002505e-15,PF_sharp_wake_map_load_scaling_passed,False,7.587122399680737,0.1510918856821656,0.0,24896.890628526897,1501.575383778211,7953054830.193607,-3.6736003357926896,0,(110),True,5.4236844832864435,0.1843625447573285,0.0,16970.65940512747,1309.7729571016423,6516802117.095264,-2.1506606672614743,0,(110),True
canonical_theta0_shared__dbtt__T1200K__theta0__rate1x__seed1012702,DBTT,1200.0,0.0,1012702,8,1,3.183129938684515e-05,54.06167032034489,1698380.8817646583,3.278682775671853e-05,50.693836069284785,1546164.711189445,-3.3678342510601027,1.5501276807076472,-4.917961931767749,-8.881784197001252e-16,PF_sharp_wake_map_load_scaling_passed,False,7.38071663557931,0.1535156569344146,0.0,24854.509521124164,1484.157925638291,7827459676.404524,-3.66935549761112,0,(110),True,5.213249199834134,0.1889089377734528,0.0,16681.49914909452,1290.0005619544622,6359965441.691247,-1.951581021274192,0,(110),True
canonical_theta0_shared__dbtt__T1250K__theta0__rate1x__seed1013711,DBTT,1250.0,0.0,1013711,147,1,3.175534846185952e-05,53.932676721396966,1698380.8817646585,3.4534309884096104e-05,49.24751374163282,1426045.978822716,-4.685162979764144,4.341330856086033,-9.026493835850177,0.0,PF_sharp_wake_map_load_scaling_passed,False,7.4072097985426675,0.1531980169687704,0.0,24519.835088789005,1486.403425645719,7843692912.020645,-3.602034896481478,0,(110),True,4.6322562139494625,0.2034512895612119,0.0,14358.023662713153,1234.473944070775,5900675274.1727295,-0.0052571843747021,1,(1-10),True
canonical_theta0_shared__dbtt__T1300K__theta0__rate1x__seed1014720,DBTT,1300.0,0.0,1014720,168,1,2.97220031606398e-05,50.479281935779376,1698380.881764658,4.2182973634869455e-05,55.863007670939545,1324302.2683626516,5.383725735160169,18.83278274334394,-13.449057008183777,5.329070518200751e-15,PF_sharp_wake_map_load_scaling_passed,False,7.1161857326982,0.1567995668015818,0.0,23191.636351388217,1461.5747830188172,7663487309.153119,-3.4262277201211546,0,(110),True,5.387452973675236,0.1851219511746872,6.402842701183251e-09,16691.869545887217,1306.382396333029,6489483391.957979,-0.0025972818215816,0,(110),True
canonical_theta0_shared__weakt__T0600K__theta0__rate1x__seed2004630,weak-T,600.0,0.0,2004630,7,1,1.3821493943638316e-05,23.47416107130131,1698380.881764657,1.468781713354738e-05,19.524161345599737,1329275.900433565,-3.9499997257015735,1.3114646407518886,-5.2614643664534615,-8.881784197001252e-16,PF_sharp_wake_map_load_scaling_passed,False,1.8387566376891076,0.2989336312723705,89.34935605974665,6423.0883023191855,84805.82446048965,4018418184.43947,-0.9522353541134468,0,(110),True,1.3287512346642578,0.4910463891176133,45.41172910467019,2362.56775333701,100668.3272654018,2443641133.3697376,-0.3292420549408648,0,(110),True
canonical_theta0_shared__weakt__T0600K__theta0__rate1x__seed2004630,weak-T,600.0,0.0,2004630,8,2,1.3821493943638316e-05,23.47416107130131,1698380.881764657,1.544545865447137e-05,20.70681201802166,1340640.7981304694,-2.7673490532796485,2.4676319818031334,-5.234981035082782,0.0,PF_sharp_wake_map_load_scaling_passed,False,1.8387566376891076,0.2989336312723705,89.34935605974665,6423.0883023191855,84805.82446048965,4018418184.43947,-0.9522353541134468,0,(110),True,1.3975291792447149,0.4436183518207924,15.419782147124458,2871.766593449234,95652.65689725606,2705517125.2023005,-0.3985164579165693,0,(110),True
canonical_theta0_shared__weakt__T0800K__theta0__rate1x__seed2005639,weak-T,800.0,0.0,2005639,5,1,1.3768572554748502e-05,23.38428039617443,1698380.8817646578,1.553375870623012e-05,20.40608653340731,1313660.5839784963,-2.9781938627671174,2.658406941509106,-5.636600804276223,-8.881784197001252e-16,PF_sharp_wake_map_load_scaling_passed,False,2.073050746734723,0.2665121572002785,15.630455838995124,7995.308063873281,85241.9953968427,4507679631.673564,-1.1786779920147914,0,(110),True,1.5440661803974771,0.3787382775247209,58.15919105018984,3969.7203706387313,90226.01156814495,3170784422.623854,-0.5091783748481512,1,(1-10),True
canonical_theta0_shared__weakt__T1100K__theta0__rate1x__seed2010684,weak-T,1100.0,0.0,2010684,22,1,1.3534081144642786e-05,22.986024668312854,1698380.8817646585,1.4995919856319415e-05,19.58261924836424,1305863.1571781805,-3.4034054199486157,2.195860117725196,-5.599265537673811,-8.881784197001252e-16,PF_sharp_wake_map_load_scaling_passed,False,2.720483120831569,0.213072835731924,59.590154658978335,12546.340918193691,89433.6119461271,5638947308.46303,-1.8503131045573693,0,(110),True,1.7462594575601542,0.3221843236739057,29.173445038260475,5508.350555496421,86804.01753573239,3727382634.148152,-0.7061381296860751,1,(1-10),True
canonical_theta0_shared__weakt__T1300K__theta0__rate1x__seed2014720,weak-T,1300.0,0.0,2014720,9,1,1.212759309474342e-05,20.5972722539333,1698380.8817646576,1.3559495412680218e-05,18.031992827110255,1329842.4667224388,-2.5652794268230465,2.1680600159645023,-4.733339442787551,1.7763568394002505e-15,PF_sharp_wake_map_load_scaling_passed,False,2.4790375198483465,0.2302130125617891,143.888241950693,10556.494496007002,88052.07954494067,5218908868.146196,-1.5425114701808105,0,(110),True,1.8612100674359928,0.3018905641012449,116.20322803675025,6257.980776001072,86690.51467251693,3978631654.901417,-0.9229721686439772,0,(110),True
