case_id,material_class,temperature_K,theta_deg,seed,U0_theta_m,K0_theta_MPa_sqrt_m,C0_theta_MPa_sqrt_m_per_m,theta0_reference_U_m,theta0_reference_K_MPa_sqrt_m,theta0_reference_C_MPa_sqrt_m_per_m,delta_K_vs_theta0_MPa_sqrt_m,opening_local_threshold_contribution_MPa_sqrt_m,structural_KJ_per_opening_contribution_MPa_sqrt_m,identity_residual_MPa_sqrt_m,opening_tensor_available,complete_channel_tensors_available,resolved_signed_shears_available_in_full_trajectory,onset_tip_radius_um,onset_front_width_um,onset_mobile_count,onset_retained_count,onset_multiplicity,onset_backstress_Pa,onset_signed_shielding_MPa_sqrt_m,onset_maximum_emission_rate_system_index,onset_maximum_emission_rate_system_name,onset_tensor_probe_reliable
canonical_theta0_shared__dbtt__T0300K__theta0__rate1x__seed1003621,DBTT,300.0,0.0,1003621,1.3752245763737945e-05,23.35655128646154,1698380.8817646585,1.3752245763737945e-05,23.35655128646154,1698380.8817646585,0.0,0.0,0.0,0.0,False,False,True,1.0000000000000002,9.9999999999996,3.662309824890186e-13,1.764858253435444e-13,13098.721493975076,33.92569621280032,-1.9465675255278598e-17,0,(110),True
canonical_single_crack_theta__dbtt__T0300K__theta15__rate1x__seed1003621,DBTT,300.0,15.0,1003621,1.3782027203607368e-05,23.359857302114374,1694950.7468683608,1.3752245763737945e-05,23.35655128646154,1698380.8817646585,0.0033060156528357254,0.05052915092757242,-0.04722313527473888,2.185751579730777e-15,False,False,True,1.0,9.999999999999904,8.948809076946536e-14,4.2348732250501744e-14,13098.72149397547,16.08590710912079,-3.913167460323226e-18,1,(1-10),True
canonical_single_crack_theta__dbtt__T0300K__theta30__rate1x__seed1003621,DBTT,300.0,30.0,1003621,1.3805109864175868e-05,23.361452945869974,1692232.3093199518,1.3752245763737945e-05,23.35655128646154,1698380.8817646585,0.004901659408435677,0.0896208581398224,-0.08471919873138684,1.1102230246251565e-16,False,False,True,1.0,9.999999999999998,1.6600490677071766e-15,7.436391381432925e-16,13098.721493975592,1.9173523264674188,-3.6042845133247654e-20,1,(1-10),True
canonical_strain_rate__dbtt__T0300K__theta45__rate1x__seed1003621,DBTT,300.0,45.0,1003621,1.3752245763737945e-05,23.356551286461535,1698380.881764658,1.3752245763737945e-05,23.35655128646154,1698380.8817646585,-3.552713678800501e-15,0.0,-6.403888465714615e-15,2.8511747869141143e-15,False,False,True,1.0,10.0,2.7040170734808263e-19,1.0030726546689933e-19,13098.721493975596,0.0227778112029423,1.3502412222842265e-25,0,(110),True
canonical_theta0_shared__dbtt__T0600K__theta0__rate1x__seed1004630,DBTT,600.0,0.0,1004630,1.3712509964190322e-05,23.289064764188225,1698380.8817646585,1.3712509964190322e-05,23.289064764188225,1698380.8817646585,0.0,0.0,0.0,0.0,False,False,True,1.0000000000028535,9.99999999062974,0.0,8.759055328509473e-09,13098.721481739132,5202.440332395002,-1.186618476376988e-12,0,(110),True
canonical_single_crack_theta__dbtt__T0600K__theta15__rate1x__seed1004630,DBTT,600.0,15.0,1004630,1.3737749597989482e-05,23.284808941402805,1694950.7468683615,1.3712509964190322e-05,23.289064764188225,1698380.8817646585,-0.004255822785420804,0.04282322383290194,-0.04707904661832178,-9.645062526431047e-16,False,False,True,1.0000000000005722,9.999999998126665,0.0,1.7483690338424556e-09,13098.72149152926,2228.34452041401,-2.097499290083325e-13,1,(1-10),True
canonical_single_crack_theta__dbtt__T0600K__theta30__rate1x__seed1004630,DBTT,600.0,30.0,1004630,1.3764246368763065e-05,23.292302418660675,1692232.3093199513,1.3712509964190322e-05,23.289064764188225,1698380.8817646585,0.0032376544724499468,0.08770906790181578,-0.084471413429365,-8.326672684688674e-16,False,False,True,1.0000000000000058,9.999999999981528,0.0,1.7059189426294638e-11,13098.721493951474,193.5092934120312,-1.3959767781052701e-15,1,(1-10),True
canonical_strain_rate__dbtt__T0600K__theta45__rate1x__seed1004630,DBTT,600.0,45.0,1004630,1.3712509964158868e-05,23.28906476413479,1698380.8817646573,1.3712509964190322e-05,23.289064764188225,1698380.8817646585,-5.3436366442838334e-11,-5.342039919368935e-11,-1.596346260534436e-14,-3.786543642300015e-18,False,False,True,1.0,10.0,3.4834103386204874e-16,3.0922966994106934e-16,13098.721493975596,0.8181106388337367,-9.458477574062527e-21,0,(110),True
canonical_theta0_shared__dbtt__T0800K__theta0__rate1x__seed1005639,DBTT,800.0,0.0,1005639,1.3375966982338957e-05,22.717486597919788,1698380.881764658,1.3375966982338957e-05,22.717486597919788,1698380.881764658,0.0,0.0,0.0,0.0,False,False,True,1.0000000040205292,9.999986634842577,0.0,1.2400818006472632e-05,13098.70403999184,196478.33766267705,-1.6786473010526402e-09,0,(110),True
canonical_single_crack_theta__dbtt__T0800K__theta15__rate1x__seed1005639,DBTT,800.0,15.0,1005639,1.3405086165766751e-05,22.720960808501076,1694950.74686836,1.3375966982338957e-05,22.717486597919788,1698380.881764658,0.003474210581288162,0.04940552306275148,-0.045931312481463586,2.706168622523819e-16,False,False,True,1.0000000005904932,9.99999803706628,0.0,1.8056888929192627e-06,13098.718930518096,70777.8796951575,-2.1628043322495082e-10,1,(1-10),True
canonical_single_crack_theta__dbtt__T0800K__theta30__rate1x__seed1005639,DBTT,800.0,30.0,1005639,1.3417555381752844e-05,22.70562072909195,1692232.3093199509,1.3375966982338957e-05,22.717486597919788,1698380.881764658,-0.011865868827836579,0.07050508782441049,-0.08237095665224987,2.8033131371785203e-15,False,False,True,1.0000000000021338,9.999999992906456,0.0,6.512110167825238e-09,13098.721484711916,3602.47238678011,-5.350186506745926e-13,1,(1-10),True
canonical_strain_rate__dbtt__T0800K__theta45__rate1x__seed1005639,DBTT,800.0,45.0,1005639,1.3375966884227566e-05,22.71748643128928,1698380.8817646583,1.3375966982338957e-05,22.717486597919788,1698380.881764658,-1.6663050672605095e-07,-1.6663051059729232e-07,3.1143349905692185e-15,7.569063809583277e-16,False,False,True,1.0,9.999999999999996,0.0,3.71146700576837e-15,13098.721493975589,2.7373121787723593,-1.016910611950508e-19,0,(110),True
canonical_theta0_shared__dbtt__T0900K__theta0__rate1x__seed1006648,DBTT,900.0,0.0,1006648,1.3180870230525078e-05,22.386138004544712,1698380.881764658,1.3180870230525078e-05,22.386138004544712,1698380.881764658,0.0,0.0,0.0,0.0,False,False,True,1.0000132139951496,9.95636079038162,1.7836860460863222e-14,0.0427949460597626,13041.732039781493,11263845.13978983,-5.938203416072252e-06,0,(110),True
canonical_single_crack_theta__dbtt__T0900K__theta15__rate1x__seed1006648,DBTT,900.0,15.0,1006648,1.3207479484398055e-05,22.386027216329037,1694950.7468683608,1.3180870230525078e-05,22.386138004544712,1698380.881764658,-0.00011078821567522823,0.04514701139075073,-0.04525779960642659,6.314393452555578e-16,False,False,True,1.0000014997630329,9.995018147738122,0.0,0.0048293100732227,13092.215539636789,3497794.9399033333,-5.958038078912748e-07,1,(1-10),True
canonical_single_crack_theta__dbtt__T0900K__theta30__rate1x__seed1006648,DBTT,900.0,30.0,1006648,1.32269409303827e-05,22.383056795860124,1692232.309319953,1.3180870230525078e-05,22.386138004544712,1698380.881764658,-0.003081208684587722,0.07810396132987744,-0.08118517001446615,9.853229343548264e-16,False,False,True,1.000000001872374,9.999993775778332,0.0,6.002798508464697e-06,13098.713365566677,102200.7569674711,-5.205204274873887e-10,1,(1-10),True
canonical_strain_rate__dbtt__T0900K__theta45__rate1x__seed1006648,DBTT,900.0,45.0,1006648,1.318038378260441e-05,22.38531183069627,1698380.8817646576,1.3180870230525078e-05,22.386138004544712,1698380.881764658,-0.0008261738484414138,-0.0008261738484366319,-6.137707739400092e-15,1.3557256374355264e-15,False,False,True,1.0,9.999999999999956,0.0,3.7706979250944264e-14,13098.72149397554,8.085077032702445,-1.2182404774819214e-18,0,(110),True
canonical_theta0_shared__dbtt__T0950K__theta0__rate1x__seed1007657,DBTT,950.0,0.0,1007657,1.2803378851727412e-05,21.745013863763777,1698380.881764658,1.2803378851727412e-05,21.745013863763777,1698380.881764658,0.0,0.0,0.0,0.0,False,False,True,1.0327087060767872,2.0967382975775455,0.0,102.4884418039511,2836.292224044609,560414644.7111351,-0.0139008456429719,0,(110),True
canonical_single_crack_theta__dbtt__T0950K__theta15__rate1x__seed1007657,DBTT,950.0,15.0,1007657,1.2580703693264473e-05,21.32367312102817,1694950.7468683613,1.2803378851727412e-05,21.745013863763777,1698380.881764658,-0.42134074273560884,-0.37780532906158093,-0.04353541367402726,-6.522560269672795e-16,False,False,True,1.0083574192296996,3.9054100338013993,0.0,26.63251419294676,5158.340947399806,265480978.501859,-0.0032399552075309,1,(1-10),True
canonical_single_crack_theta__dbtt__T0950K__theta30__rate1x__seed1007657,DBTT,950.0,30.0,1007657,1.2517550442176708e-05,21.182603291793683,1692232.3093199525,1.2803378851727412e-05,21.745013863763777,1698380.881764658,-0.5624105719700943,-0.4845667879046762,-0.07784378406541789,-1.3877787807814457e-16,False,False,True,1.0000239922927012,9.921185425569702,0.0,0.0775833903498252,12995.79626943012,11311503.867045604,-6.7116416948407e-06,1,(1-10),True
canonical_strain_rate__dbtt__T0950K__theta45__rate1x__seed1007657,DBTT,950.0,45.0,1007657,1.246642776206286e-05,21.172742574987733,1698380.8817646583,1.2803378851727412e-05,21.745013863763777,1698380.881764658,-0.5722712887760437,-0.5722712887760454,2.9417926694488003e-15,-1.2764581325110655e-15,False,False,True,1.0000000000000029,9.99999999999012,0.0,9.3759925451846e-12,13098.721493962694,121.01758596271873,-3.356326288372687e-16,0,(110),True
canonical_theta0_shared__dbtt__T1000K__theta0__rate1x__seed1008666,DBTT,1000.0,0.0,1008666,3.308336835384481e-05,56.18816031654793,1698380.881764658,3.308336835384481e-05,56.18816031654793,1698380.881764658,0.0,0.0,0.0,0.0,False,False,True,7.569372476331099,0.1512958204746748,1.0060375643665324e-08,24800.36347999708,1500.0844729098358,7942331936.540933,-3.6577771094603664,0,(110),True
canonical_single_crack_theta__dbtt__T1000K__theta15__rate1x__seed1008666,DBTT,1000.0,15.0,1008666,2.902884445683256e-05,49.20246159283379,1694950.7468683599,3.308336835384481e-05,56.18816031654793,1698380.881764658,-6.985698723714137,-6.879172089390035,-0.10652663432410141,4.163336342344337e-17,False,False,True,5.603818803846011,0.180720967337731,7.055859896357241e-09,17391.859104352716,1326.5436192434904,6631626027.568011,-2.3322654430356664,1,(1-10),True
canonical_single_crack_theta__dbtt__T1000K__theta30__rate1x__seed1008666,DBTT,1000.0,30.0,1008666,1.915438804181103e-05,32.41367430960434,1692232.309319951,3.308336835384481e-05,56.18816031654793,1698380.881764658,-23.77448600694359,-23.613892192169775,-0.16059381477382115,6.078471059822732e-15,False,False,True,2.257091604175203,0.3456968824018003,1.9229133840789088e-09,4740.027179349701,1022.0533274952404,3376567334.825304,-0.4594650282033778,1,(1-10),True
canonical_strain_rate__dbtt__T1000K__theta45__rate1x__seed1008666,DBTT,1000.0,45.0,1008666,1.2941651912880912e-05,21.979854187289952,1698380.8817646578,3.308336835384481e-05,56.18816031654793,1698380.881764658,-34.20830612925798,-34.20830612925797,-5.358017546442072e-15,-1.7474098111589295e-15,False,False,True,1.0033396448720746,5.572471862894576,0.0,12.506738051367655,7323.602518174599,126634416.64566706,-0.0006477406965921,0,(110),True
canonical_theta0_shared__dbtt__T1050K__theta0__rate1x__seed1009675,DBTT,1050.0,0.0,1009675,3.255667586727918e-05,55.29363586679579,1698380.8817646585,3.255667586727918e-05,55.29363586679579,1698380.8817646585,0.0,0.0,0.0,0.0,False,False,True,7.652700793276444,0.1503455233064267,0.0,25090.359160481497,1507.0724917473342,7992545283.990768,-3.6976778963093087,0,(110),True
canonical_single_crack_theta__dbtt__T1050K__theta15__rate1x__seed1009675,DBTT,1050.0,15.0,1009675,2.867510244876818e-05,48.60288631206638,1694950.7468683606,3.255667586727918e-05,55.29363586679579,1698380.8817646585,-6.690749554729408,-6.585732924947283,-0.10501662978212677,2.5396351688300456e-15,False,False,True,5.623972448187804,0.1803268282626756,0.0,17969.773924832058,1328.4109190155118,6647103962.435645,-2.4114753047926967,1,(1-10),True
canonical_single_crack_theta__dbtt__T1050K__theta30__rate1x__seed1009675,DBTT,1050.0,30.0,1009675,1.917157730854026e-05,32.44276254213709,1692232.3093199527,3.255667586727918e-05,55.29363586679579,1698380.8817646585,-22.8508733246587,-22.6918458686139,-0.15902745604480326,3.0808688933348094e-15,False,False,True,2.351957220888434,0.3333616683995155,0.0,5143.805719936258,1027.0083803696175,3511708825.6222267,-0.4975501477736128,1,(1-10),True
canonical_strain_rate__dbtt__T1050K__theta45__rate1x__seed1009675,DBTT,1050.0,45.0,1009675,1.2741484957674787e-05,21.63989445740684,1698380.8817646587,3.255667586727918e-05,55.29363586679579,1698380.8817646585,-33.65374140938895,-33.653741409388964,5.273399970605267e-15,8.937454744596737e-15,False,False,True,1.0079298779407522,3.99292470633412,0.0,29.89192527606274,5271.695880550695,207364697.36825883,-0.0015610397742197,0,(110),True
canonical_theta0_shared__dbtt__T1100K__theta0__rate1x__seed1010684,DBTT,1100.0,0.0,1010684,3.273350886589268e-05,55.59396565090605,1698380.8817646576,3.273350886589268e-05,55.59396565090605,1698380.8817646576,0.0,0.0,0.0,0.0,False,False,True,7.663457292133099,0.1502241539249336,0.0,25229.328119902,1507.972481818493,7999004095.582294,-3.720417570445651,0,(110),True
canonical_single_crack_theta__dbtt__T1100K__theta15__rate1x__seed1010684,DBTT,1100.0,15.0,1010684,2.8813760505750687e-05,48.83790488930821,1694950.746868361,3.273350886589268e-05,55.59396565090605,1698380.8817646576,-6.756060761597837,-6.650503043376118,-0.10555771822171864,-2.7755575615628914e-17,False,False,True,5.759836124984075,0.1777354172187308,0.0,18021.221395214023,1340.951324491156,6744051108.569599,-2.419556321613063,0,(110),True
canonical_single_crack_theta__dbtt__T1100K__theta30__rate1x__seed1010684,DBTT,1100.0,30.0,1010684,1.922031928271182e-05,32.52524528565024,1692232.3093199527,3.273350886589268e-05,55.59396565090605,1698380.8817646576,-23.068720365255807,-22.908999427180085,-0.1597209380757198,-2.275957200481571e-15,False,False,True,2.341742027493284,0.334626851312887,0.0,5217.050291003193,1026.428602253692,3498416687.4055595,-0.5071298692770314,1,(1-10),True
canonical_strain_rate__dbtt__T1100K__theta45__rate1x__seed1010684,DBTT,1100.0,45.0,1010684,1.274728859762256e-05,21.649751248538777,1698380.8817646583,3.273350886589268e-05,55.59396565090605,1698380.8817646576,-33.94421440236727,-33.94421440236728,1.5883985020982305e-14,-8.778557663381303e-15,False,False,True,1.0079370835595471,3.991400692932939,0.0,30.057070059687323,5269.7214603150305,207458888.58145,-0.0015839438923108,0,(110),True
canonical_theta0_shared__dbtt__T1150K__theta0__rate1x__seed1011693,DBTT,1150.0,0.0,1011693,3.2179051447870945e-05,54.65228577238534,1698380.8817646578,3.2179051447870945e-05,54.65228577238534,1698380.8817646578,0.0,0.0,0.0,0.0,False,False,True,7.587122399680737,0.1510918856821656,0.0,24896.890628526897,1501.575383778211,7953054830.193607,-3.6736003357926896,0,(110),True
canonical_single_crack_theta__dbtt__T1150K__theta15__rate1x__seed1011693,DBTT,1150.0,15.0,1011693,2.832640188904392e-05,48.01185603792833,1694950.7468683606,3.2179051447870945e-05,54.65228577238534,1698380.8817646578,-6.640429734457008,-6.5366588010033935,-0.103770933453618,3.2335245592207684e-15,False,False,True,5.633871930622932,0.1801341689839556,0.0,17479.611761705426,1329.3274687373066,6654215564.846994,-2.341820016177841,0,(110),True
canonical_single_crack_theta__dbtt__T1150K__theta30__rate1x__seed1011693,DBTT,1150.0,30.0,1011693,1.8939742163592344e-05,32.050443619420356,1692232.309319953,3.2179051447870945e-05,54.65228577238534,1698380.8817646578,-22.601842152964984,-22.44468835006199,-0.15715380290299816,5.079270337660091e-15,False,False,True,2.3438776468775995,0.3343611574255021,0.0,5078.873520841229,1026.548955437446,3501199754.4662933,-0.4927165473673704,0,(110),True
canonical_strain_rate__dbtt__T1150K__theta45__rate1x__seed1011693,DBTT,1150.0,45.0,1011693,1.2623551202100948e-05,21.43959802162551,1698380.8817646576,3.2179051447870945e-05,54.65228577238534,1698380.8817646578,-33.21268775075983,-33.21268775075983,-5.2157094061807605e-15,5.2157094061807605e-15,False,False,True,1.0077687121219236,4.027474674421618,0.0,29.47279725793768,5316.460569836322,205246653.61324424,-0.0015526301791008,0,(110),True
canonical_theta0_shared__dbtt__T1200K__theta0__rate1x__seed1012702,DBTT,1200.0,0.0,1012702,3.183129938684515e-05,54.06167032034489,1698380.8817646583,3.183129938684515e-05,54.06167032034489,1698380.8817646583,0.0,0.0,0.0,0.0,False,False,True,7.38071663557931,0.1535156569344146,0.0,24854.509521124164,1484.157925638291,7827459676.404524,-3.66935549761112,0,(110),True
canonical_single_crack_theta__dbtt__T1200K__theta15__rate1x__seed1012702,DBTT,1200.0,15.0,1012702,2.8045904859222713e-05,47.53642738773855,1694950.7468683615,3.183129938684515e-05,54.06167032034489,1698380.8817646583,-6.525242932606339,-6.422549488717781,-0.1026934438885634,5.1209037010835345e-15,False,False,True,5.588922924736144,0.1810139485042026,0.0,17312.39298275672,1325.1622955013588,6621863652.263514,-2.318697885548913,0,(110),True
canonical_single_crack_theta__dbtt__T1200K__theta30__rate1x__seed1012702,DBTT,1200.0,30.0,1012702,1.875427727165986e-05,31.736593937047644,1692232.3093199516,3.183129938684515e-05,54.06167032034489,1698380.8817646583,-22.325076383297244,-22.169561841926207,-0.1555145413710409,3.858025010572419e-15,False,False,True,2.3188334099363663,0.3375173517292976,0.0,4999.274438276387,1025.1668683983034,3468422496.937281,-0.4840702032187239,1,(1-10),True
canonical_strain_rate__dbtt__T1200K__theta45__rate1x__seed1012702,DBTT,1200.0,45.0,1012702,1.2526521268864192e-05,21.27480423805731,1698380.881764658,3.183129938684515e-05,54.06167032034489,1698380.8817646583,-32.786866082287574,-32.78686608228758,-5.16392996717586e-15,1.2269357324776862e-14,False,False,True,1.0074957357503247,4.088097598874893,0.0,29.057555807081993,5395.023993133722,201608437.71992207,-0.0015318683270905,0,(110),True
canonical_theta0_shared__dbtt__T1250K__theta0__rate1x__seed1013711,DBTT,1250.0,0.0,1013711,3.175534846185952e-05,53.932676721396966,1698380.8817646585,3.175534846185952e-05,53.932676721396966,1698380.8817646585,0.0,0.0,0.0,0.0,False,False,True,7.4072097985426675,0.1531980169687704,0.0,24519.835088789005,1486.403425645719,7843692912.020645,-3.602034896481478,0,(110),True
canonical_single_crack_theta__dbtt__T1250K__theta15__rate1x__seed1013711,DBTT,1250.0,15.0,1013711,2.797703257560197e-05,47.41969225917703,1694950.7468683615,3.175534846185952e-05,53.932676721396966,1698380.8817646585,-6.512984462219933,-6.410539399902179,-0.10244506231775316,-8.049116928532385e-16,False,False,True,5.6383577023436375,0.1800470719747552,0.0,17552.50895618293,1329.742641449921,6657435558.023317,-2.348909141094549,0,(110),True
canonical_single_crack_theta__dbtt__T1250K__theta30__rate1x__seed1013711,DBTT,1250.0,30.0,1013711,1.866754790244998e-05,31.58982769630375,1692232.3093199518,3.175534846185952e-05,53.932676721396966,1698380.8817646585,-22.342849025093216,-22.18783460950927,-0.15501441558394727,1.8041124150158794e-15,False,False,True,2.310389545715671,0.3386018068377238,0.0,4962.383557351185,1024.7157000370537,3457301335.895085,-0.478452669026289,1,(1-10),True
canonical_strain_rate__dbtt__T1250K__theta45__rate1x__seed1013711,DBTT,1250.0,45.0,1013711,1.2466625457482802e-05,21.173078337109384,1698380.881764659,3.175534846185952e-05,53.932676721396966,1698380.8817646585,-32.759598384287585,-32.75959838428759,1.0296230651285109e-14,-3.1908032936841073e-15,False,False,True,1.007454961456003,4.097389868938425,0.0,28.76207194211803,5407.068076678079,201059348.2489965,-0.0015103724679212,0,(110),True
canonical_theta0_shared__dbtt__T1300K__theta0__rate1x__seed1014720,DBTT,1300.0,0.0,1014720,2.97220031606398e-05,50.479281935779376,1698380.881764658,2.97220031606398e-05,50.479281935779376,1698380.881764658,0.0,0.0,0.0,0.0,False,False,True,7.1161857326982,0.1567995668015818,0.0,23191.636351388217,1461.5747830188172,7663487309.153119,-3.4262277201211546,0,(110),True
canonical_single_crack_theta__dbtt__T1300K__theta15__rate1x__seed1014720,DBTT,1300.0,15.0,1014720,2.6236578637073655e-05,44.46970855617848,1694950.7468683613,2.97220031606398e-05,50.479281935779376,1698380.881764658,-6.009573379600894,-5.913600637515089,-0.09597274208580722,2.248201624865942e-15,False,False,True,5.237703600346233,0.1883632772811027,0.0,16088.641602996277,1292.3080941648989,6363413443.91544,-2.1540162500760833,1,(1-10),True
canonical_single_crack_theta__dbtt__T1300K__theta30__rate1x__seed1014720,DBTT,1300.0,30.0,1014720,1.7755264769760758e-05,30.04603270391943,1692232.3093199518,2.97220031606398e-05,50.479281935779376,1698380.881764658,-20.433249231859946,-20.287290521186552,-0.14595871067339766,3.497202527569243e-15,False,False,True,2.231641596640515,0.3492459589243536,0.0,4643.619020345841,1020.9036245940244,3351808501.8869734,-0.4486038306814365,1,(1-10),True
canonical_strain_rate__dbtt__T1300K__theta45__rate1x__seed1014720,DBTT,1300.0,45.0,1014720,1.2123103261693805e-05,20.58964680731953,1698380.8817646583,2.97220031606398e-05,50.479281935779376,1698380.881764658,-29.889635128459847,-29.889635128459858,4.871411531038304e-15,5.786729505363199e-15,False,False,True,1.0071169532525095,4.176941393595976,0.0,27.076303406451864,5510.197897104054,196448459.38448825,-0.0014137504490248,0,(110),True
canonical_theta0_shared__peak__T0300K__theta0__rate1x__seed3621,Peak,300.0,0.0,3621,1.392556259622511e-05,23.650909281245745,1698380.8817646583,1.392556259622511e-05,23.650909281245745,1698380.8817646583,0.0,0.0,0.0,0.0,False,False,True,1.0000000000000409,9.999999999851898,1.4298949619708758e-10,7.746018370605191e-34,352563.02110679215,654.0487642980249,-8.520006870059427e-38,0,(110),True
canonical_single_crack_theta__peak__T0300K__theta15__rate1x__seed3621,Peak,300.0,15.0,3621,1.395971825216036e-05,23.66103487757109,1694950.7468683608,1.392556259622511e-05,23.650909281245745,1698380.8817646583,0.010125596325345043,0.057950733790896804,-0.04782513746555131,-4.510281037539698e-16,False,False,True,1.000000000000011,9.999999999959226,3.898848741315139e-11,2.1611194821398064e-34,352563.0211105656,335.22218373510475,-1.981778511206187e-38,1,(1-10),True
canonical_single_crack_theta__peak__T0300K__theta30__rate1x__seed3621,Peak,300.0,30.0,3621,1.3978607722801194e-05,23.65505162783358,1692232.3093199518,1.392556259622511e-05,23.650909281245745,1698380.8817646583,0.004142346587833856,0.08992775294581272,-0.08578540635798046,1.5959455978986625e-15,False,False,True,1.0000000000000009,9.999999999997511,2.3191551826509586e-12,1.3572069482650338e-35,352563.0211119116,81.4130889601133,-6.0736704333825795e-40,1,(1-10),True
canonical_strain_rate__peak__T0300K__theta45__rate1x__seed3621,Peak,300.0,45.0,3621,1.3925562596224767e-05,23.65090928124516,1698380.8817646578,1.392556259622511e-05,23.650909281245745,1698380.8817646583,-5.861977570020827e-13,-5.811881637919562e-13,-6.4845954050426085e-15,1.4750021949161276e-15,False,False,True,1.0,9.999999999999694,2.763975723740665e-13,1.681635069924682e-36,352563.0211119884,29.63695543793913,1.0038686993582886e-43,0,(110),True
canonical_theta0_shared__peak__T0600K__theta0__rate1x__seed4630,Peak,600.0,0.0,4630,1.3273294747490768e-05,22.543110037165572,1698380.881764658,1.3273294747490768e-05,22.543110037165572,1698380.881764658,0.0,0.0,0.0,0.0,False,False,True,1.0029244375858393,5.6619874569886415,9.276475430718204,8.905466546822804e-07,200204.5187293602,174954033.09235308,-9.792214159996101e-11,0,(110),True
canonical_single_crack_theta__peak__T0600K__theta15__rate1x__seed4630,Peak,600.0,15.0,4630,1.327222603572038e-05,22.49576943184996,1694950.7468683608,1.3273294747490768e-05,22.543110037165572,1698380.881764658,-0.04734060531561113,-0.001813246726174789,-0.04552735858943811,1.7763568394002505e-15,False,False,True,1.001937921023925,6.449051311011653,6.129897879448394,5.911935977894575e-07,227810.32587610965,141836094.96308032,-5.351955237249463e-11,1,(1-10),True
canonical_single_crack_theta__peak__T0600K__theta30__rate1x__seed4630,Peak,600.0,30.0,4630,1.3263679075431436e-05,22.445226271896058,1692232.3093199516,1.3273294747490768e-05,22.543110037165572,1698380.881764658,-0.09788376526951481,-0.01630151226275755,-0.081582253006758,7.494005416219807e-16,False,False,True,1.0007712035830352,8.009256932133821,2.381901843953574,2.388081433077782e-07,282594.55207164254,89188380.47411124,-9.96737175577438e-12,1,(1-10),True
canonical_strain_rate__peak__T0600K__theta45__rate1x__seed4630,Peak,600.0,45.0,4630,1.3207284251018811e-05,22.430999071961818,1698380.8817646587,1.3273294747490768e-05,22.543110037165572,1698380.881764658,-0.11211096520375463,-0.11211096520376422,9.248235378825191e-15,3.4131599637459853e-16,False,False,True,1.000220935912586,9.284318786890832,0.6787166421168757,6.863586804898471e-08,327403.0671648496,42464184.69748517,1.2763193260166965e-13,0,(110),True
canonical_theta0_shared__peak__T0800K__theta0__rate1x__seed5639,Peak,800.0,0.0,5639,2.4251235638105015e-05,41.18783496692729,1698380.8817646578,2.4251235638105015e-05,41.18783496692729,1698380.8817646578,0.0,0.0,0.0,0.0,False,False,True,1.2495396094481512,0.7412364785750358,707.341128160786,9.702256356535608,32654.540025889102,1616857520.505004,-0.0010667981392939,0,(110),True
canonical_single_crack_theta__peak__T0800K__theta15__rate1x__seed5639,Peak,800.0,15.0,5639,2.147026003397727e-05,36.391033280047694,1694950.7468683608,2.4251235638105015e-05,41.18783496692729,1698380.8817646578,-4.796801686879597,-4.718386237971746,-0.07841544890785103,1.3877787807814457e-17,False,False,True,1.1746412416959326,0.8849580663107418,501.22578115339,0.4651612476474703,36649.2166221013,1351573602.2207675,-4.1905215921028025e-05,1,(1-10),True
canonical_single_crack_theta__peak__T0800K__theta30__rate1x__seed5639,Peak,800.0,30.0,5639,1.7169808709884792e-05,29.055305043710167,1692232.3093199518,2.4251235638105015e-05,41.18783496692729,1698380.8817646578,-12.132529923217124,-12.005189777262625,-0.12734014595449747,-1.0269562977782698e-15,False,False,True,1.078069342412018,1.3172609030448534,224.21459139968383,0.0229379275387589,50067.42511171846,898233812.2439679,-9.580519630128411e-07,1,(1-10),True
canonical_strain_rate__peak__T0800K__theta45__rate1x__seed5639,Peak,800.0,45.0,5639,1.2783771708137992e-05,21.71171346594549,1698380.8817646578,2.4251235638105015e-05,41.18783496692729,1698380.8817646578,-19.4761215009818,-19.4761215009818,0.0,0.0,False,False,True,1.0073030308588216,3.986247513934388,30.141744909919552,0.0211359352870471,141566.71712972125,207796620.0164204,4.467142271905162e-08,0,(110),True
canonical_theta0_shared__peak__T0900K__theta0__rate1x__seed6648,Peak,900.0,0.0,6648,3.3200000000000075e-05,56.38624527458679,1698380.8817646585,3.3200000000000075e-05,56.38624527458679,1698380.8817646585,0.0,0.0,0.0,0.0,False,False,True,1.000278536582839,9.095636980777815,0.2767025016176083,0.8446578216526536,320767.8459887286,54906864.40109973,-0.0001069297253158,0,(110),True
canonical_single_crack_theta__peak__T0900K__theta15__rate1x__seed6648,Peak,900.0,15.0,6648,2.8446137371958984e-05,48.21480178412183,1694950.7468683594,3.3200000000000075e-05,56.38624527458679,1698380.8817646585,-8.17144349046496,-8.065716206954157,-0.10572728351080253,2.3592239273284576e-16,False,False,True,1.0000675688840244,9.740366564864726,0.0660387610564134,0.1650494878162676,343432.5100682906,27777117.23109656,-1.5781228968759558e-05,1,(1-10),True
canonical_single_crack_theta__peak__T0900K__theta30__rate1x__seed6648,Peak,900.0,30.0,6648,1.8300000000000008e-05,30.96785126055513,1692232.3093199518,3.3200000000000075e-05,56.38624527458679,1698380.8817646585,-25.418394014031662,-25.260068273580462,-0.15832574045119752,-2.886579864025407e-15,False,False,True,1.0000137423701687,9.948745783009608,0.0358949393790278,0.0002323315000718,350760.80717192456,11971289.789901871,-1.0018543871276698e-08,1,(1-10),True
canonical_strain_rate__peak__T0900K__theta45__rate1x__seed6648,Peak,900.0,45.0,6648,1.2661933742329446e-05,21.504786194143165,1698380.8817646583,3.3200000000000075e-05,56.38624527458679,1698380.8817646585,-34.881459080443626,-34.88145908044361,-5.3390317762188524e-15,-8.871822938983151e-15,False,False,True,1.0071847251250456,4.012832434576102,29.34328407783617,0.3578716596409957,142494.11053686184,206140260.73195723,7.720818197278611e-07,0,(110),True
canonical_theta0_shared__peak__T0950K__theta0__rate1x__seed7657,Peak,950.0,0.0,7657,3.280000000000008e-05,55.70689292188094,1698380.8817646587,3.280000000000008e-05,55.70689292188094,1698380.8817646587,0.0,0.0,0.0,0.0,False,False,True,1.0004681828347113,8.640044225459096,0.4911548429227372,1.48621558974435,304758.62545372493,70030919.73564824,-0.0001920921211944,0,(110),True
canonical_single_crack_theta__peak__T0950K__theta15__rate1x__seed7657,Peak,950.0,15.0,7657,2.820000000000008e-05,47.79761106168791,1694950.7468683608,3.280000000000008e-05,55.70689292188094,1698380.8817646587,-7.909281860193033,-7.8046627458559446,-0.10461911433708741,-1.2906342661267445e-15,False,False,True,1.0000638233410877,9.776080260273176,0.1306860606019283,0.1374988238858027,344690.43701088097,25429259.044412095,-1.371293626350306e-05,1,(1-10),True
canonical_single_crack_theta__peak__T0950K__theta30__rate1x__seed7657,Peak,950.0,30.0,7657,1.820000000000001e-05,30.798628029623146,1692232.3093199523,3.280000000000008e-05,55.70689292188094,1698380.8817646587,-24.908264892257797,-24.751476294917783,-0.1567885973400149,4.163336342344337e-16,False,False,True,1.0000016928627866,9.993868016099254,0.0070632485928484,1.1534512809555563e-05,352347.42650989007,4131856.5815256895,-4.922475356180451e-10,1,(1-10),True
canonical_strain_rate__peak__T0950K__theta45__rate1x__seed7657,Peak,950.0,45.0,7657,1.2596822239016677e-05,21.3942020617338,1698380.8817646583,3.280000000000008e-05,55.70689292188094,1698380.8817646587,-34.31269086014714,-34.31269086014713,-1.0569771341750573e-14,-3.64108337345143e-15,False,False,True,1.0071062354894682,4.03010804139787,28.380414366718185,1.054818174212095,143096.4082456653,205086573.6847691,2.3470814631688e-06,0,(110),True
canonical_theta0_shared__peak__T1000K__theta0__rate1x__seed8666,Peak,1000.0,0.0,8666,3.1723256162242664e-05,53.878171773275795,1698380.8817646573,3.1723256162242664e-05,53.878171773275795,1698380.8817646573,0.0,0.0,0.0,0.0,False,False,True,4.7430019717402265,0.1910978886210202,12345.075003491253,1019.1617815471049,31955.52469682083,6287667586.743904,-0.11215581292262,0,(110),True
canonical_single_crack_theta__peak__T1000K__theta15__rate1x__seed8666,Peak,1000.0,15.0,8666,2.730585561791826e-05,46.2820803734702,1694950.7468683617,3.1723256162242664e-05,53.878171773275795,1698380.8817646573,-7.596091399805594,-7.494852491698359,-0.10123890810723216,-2.9698465908722937e-15,False,False,True,3.919053158648145,0.2164623624715557,9686.51646472569,1043.292693621404,29908.890818656615,5539477462.872967,-0.094336919626357,1,(1-10),True
canonical_single_crack_theta__peak__T1000K__theta30__rate1x__seed8666,Peak,1000.0,30.0,8666,1.7753663389903453e-05,30.043322797185404,1692232.3093199518,3.1723256162242664e-05,53.878171773275795,1698380.8817646573,-23.83484897609039,-23.682742763986774,-0.15210621210361883,7.494005416219807e-16,False,False,True,2.0269848261929235,0.3649923680436326,3454.5986619897085,620.3729588144706,26083.81072353367,3220785441.734578,-0.0270984472592511,1,(1-10),True
canonical_strain_rate__peak__T1000K__theta45__rate1x__seed8666,Peak,1000.0,45.0,8666,1.2157504360878046e-05,20.648072976485736,1698380.8817646585,3.1723256162242664e-05,53.878171773275795,1698380.8817646573,-33.23009879679006,-33.23009879679008,2.554196429154877e-14,-4.225682218745764e-15,False,False,True,1.006485075652001,4.1500606133756595,23.798394861992865,3.978097032693228,147264.65973715705,197988775.1068084,8.114140175916224e-06,0,(110),True
canonical_theta0_shared__peak__T1050K__theta0__rate1x__seed9675,Peak,1050.0,0.0,9675,3.151093077170599e-05,53.5175623892751,1698380.8817646576,3.151093077170599e-05,53.5175623892751,1698380.8817646576,0.0,0.0,0.0,0.0,False,False,True,6.961763106680891,0.1514496034796254,17970.145021744785,6605.2791004523915,37172.70290682082,7934266652.212223,-0.7274706563078205,0,(110),True
canonical_single_crack_theta__peak__T1050K__theta15__rate1x__seed9675,Peak,1050.0,15.0,9675,2.7181544367877252e-05,46.07137892736903,1694950.7468683608,3.151093077170599e-05,53.5175623892751,1698380.8817646576,-7.446183461906067,-7.3455219083429055,-0.10066155356315769,-3.5110803153770576e-15,False,False,True,5.170623905143723,0.1810410084250173,12550.09780223756,4755.469527217301,33003.24692514291,6621795015.800875,-0.4306599888688657,1,(1-10),True
canonical_single_crack_theta__peak__T1050K__theta30__rate1x__seed9675,Peak,1050.0,30.0,9675,1.7730792244080937e-05,30.004619505273375,1692232.3093199518,3.151093077170599e-05,53.5175623892751,1698380.8817646576,-23.512942884001724,-23.361559733369372,-0.15138315063235042,-1.5543122344752192e-15,False,False,True,2.155270954931908,0.3436095557234856,3441.8225738739884,1374.5293635425678,26109.819424073183,3408119304.127971,-0.0604630331771521,1,(1-10),True
canonical_strain_rate__peak__T1050K__theta45__rate1x__seed9675,Peak,1050.0,45.0,9675,1.2127045442687867e-05,20.596342132152294,1698380.8817646578,3.151093077170599e-05,53.5175623892751,1698380.8817646576,-32.921220257122805,-32.921220257122805,5.0801290448747874e-15,-5.0801290448747874e-15,False,False,True,1.0063344315957257,4.1584258407599775,20.627954992436603,7.489674142045205,147539.41331163468,197507524.9604656,1.4094235236525604e-05,1,(1-10),True
canonical_theta0_shared__peak__T1100K__theta0__rate1x__seed10684,Peak,1100.0,0.0,10684,3.103181142625904e-05,52.7038352528844,1698380.8817646576,3.103181142625904e-05,52.7038352528844,1698380.8817646576,0.0,0.0,0.0,0.0,False,False,True,6.793419256141974,0.1534012845829054,15691.310112895471,8234.167671451289,36741.27078257331,7833297904.917055,-0.9090386085173792,0,(110),True
canonical_single_crack_theta__peak__T1100K__theta15__rate1x__seed10684,Peak,1100.0,15.0,10684,2.6850793559567805e-05,45.510772597797626,1694950.746868361,3.103181142625904e-05,52.7038352528844,1698380.8817646576,-7.193062655086777,-7.093790083461555,-0.09927257162521644,-5.412337245047638e-15,False,False,True,5.118217681527131,0.1819060171018385,11185.610140084598,6001.860124257172,32824.83689055167,6590435866.066559,-0.5456435884174095,1,(1-10),True
canonical_single_crack_theta__peak__T1100K__theta30__rate1x__seed10684,Peak,1100.0,30.0,10684,1.760758582686146e-05,29.796125625339023,1692232.3093199518,3.103181142625904e-05,52.7038352528844,1698380.8817646576,-22.90770962754538,-22.75817819870656,-0.14953142883881684,-3.247402347028583e-15,False,False,True,2.143592445959402,0.3446977182733043,3088.034082586042,1701.4356615505556,26050.57930823613,3397556948.674589,-0.0756992326859758,1,(1-10),True
canonical_strain_rate__peak__T1100K__theta45__rate1x__seed10684,Peak,1100.0,45.0,10684,1.2075920454111684e-05,20.509512428974073,1698380.8817646583,3.103181142625904e-05,52.7038352528844,1698380.8817646576,-32.194322823910326,-32.19432282391034,1.5055201440247725e-14,-8.44346725045721e-16,False,False,True,1.0061055893643134,4.17257881888018,18.27427941142387,9.393569837803462,148007.89083740697,196697242.0656163,1.3198302793612564e-05,0,(110),True
canonical_theta0_shared__peak__T1150K__theta0__rate1x__seed11693,Peak,1150.0,0.0,11693,3.035705544686983e-05,51.55784259763339,1698380.8817646578,3.035705544686983e-05,51.55784259763339,1698380.8817646578,0.0,0.0,0.0,0.0,False,False,True,6.8247342383923595,0.1525258409134572,14928.561438723042,9545.390431326698,36699.98875955942,7878267889.631803,-1.0632817510364736,0,(110),True
canonical_single_crack_theta__peak__T1150K__theta15__rate1x__seed11693,Peak,1150.0,15.0,11693,2.631575386911838e-05,44.60390667486616,1694950.746868361,3.035705544686983e-05,51.55784259763339,1698380.8817646578,-6.953935922767229,-6.8567382323142585,-0.09719769045297207,1.2906342661267445e-15,False,False,True,5.0559352314918895,0.1827080618066137,10429.61440527174,6679.819860842448,32568.366107530313,6560866180.134151,-0.6158856208008483,0,(110),True
canonical_single_crack_theta__peak__T1150K__theta30__rate1x__seed11693,Peak,1150.0,30.0,11693,1.7311603887108272e-05,29.295255423913503,1692232.3093199527,3.035705544686983e-05,51.55784259763339,1698380.8817646578,-22.262587173719886,-22.116040071091422,-0.14654710262846518,1.2490009027033011e-15,False,False,True,2.1132592767704974,0.3481009021981534,2836.5646981173477,1872.429354391088,25935.504000050383,3362847516.316744,-0.0866766185635724,0,(110),True
canonical_strain_rate__peak__T1150K__theta45__rate1x__seed11693,Peak,1150.0,45.0,11693,1.192426482725146e-05,20.25194341170263,1698380.8817646578,3.035705544686983e-05,51.55784259763339,1698380.8817646578,-31.30589918593076,-31.305899185930762,0.0,3.552713678800501e-15,False,False,True,1.0058725037255032,4.21586005751258,17.613867905993974,10.328181507372287,149508.49917145356,194249520.1068341,-5.296751259488522e-06,0,(110),True
canonical_theta0_shared__peak__T1200K__theta0__rate1x__seed12702,Peak,1200.0,0.0,12702,2.890331547913364e-05,49.08883842937306,1698380.8817646576,2.890331547913364e-05,49.08883842937306,1698380.8817646576,0.0,0.0,0.0,0.0,False,False,True,6.5336143365947885,0.1562662241099012,13677.021217688802,9718.32550357996,35996.09363641737,7689649510.286985,-1.0982129047786198,0,(110),True
canonical_single_crack_theta__peak__T1200K__theta15__rate1x__seed12702,Peak,1200.0,15.0,12702,2.51033238081121e-05,42.54889743743791,1694950.746868361,2.890331547913364e-05,49.08883842937306,1698380.8817646576,-6.539940991935154,-6.447315962909714,-0.0926250290254407,9.159339953157541e-16,False,False,True,4.8200452931279925,0.1879816739279185,9363.923553266814,6801.398880338083,31945.036655089963,6376335772.47485,-0.6409366560224887,0,(110),True
canonical_single_crack_theta__peak__T1200K__theta30__rate1x__seed12702,Peak,1200.0,30.0,12702,1.6644418735135353e-05,28.166223153446385,1692232.3093199527,2.890331547913364e-05,49.08883842937306,1698380.8817646576,-20.922615275926677,-20.78258850417238,-0.14002677175429679,1.1102230246251565e-16,False,False,True,2.055482949240149,0.3569324338899834,2584.017252933136,1908.8275587199169,25866.439409852446,3279538798.6415815,-0.0934684324039209,0,(110),True
canonical_strain_rate__peak__T1200K__theta45__rate1x__seed12702,Peak,1200.0,45.0,12702,1.1612572743669682e-05,19.72257153594995,1698380.881764658,2.890331547913364e-05,49.08883842937306,1698380.8817646576,-29.366266893423113,-29.366266893423127,9.433340333123533e-15,4.777514382078471e-15,False,False,True,1.0055452251750094,4.307667980462049,16.532673240383673,10.557626572265017,152714.61061218503,189202770.55213237,-3.7710092525633426e-05,0,(110),True
canonical_theta0_shared__peak__T1250K__theta0__rate1x__seed13711,Peak,1250.0,0.0,13711,2.9543110577757137e-05,50.17545419312196,1698380.8817646578,2.9543110577757137e-05,50.17545419312196,1698380.8817646578,0.0,0.0,0.0,0.0,False,False,True,6.76037085406546,0.1546434144370777,11782.44452467781,11968.838577330976,36858.589340796105,7770363388.658796,-1.413373269486759,0,(110),True
canonical_single_crack_theta__peak__T1250K__theta15__rate1x__seed13711,Peak,1250.0,15.0,13711,2.570507577417511e-05,43.56883738174592,1694950.7468683613,2.9543110577757137e-05,50.17545419312196,1698380.8817646578,-6.6066168113760355,-6.511862445394604,-0.09475436598142858,-3.247402347028583e-15,False,False,True,4.99736394414609,0.1856182949830004,8058.687602960708,8435.891808086317,32703.822511002043,6457550787.137365,-0.8480614361312538,0,(110),True
canonical_single_crack_theta__peak__T1250K__theta30__rate1x__seed13711,Peak,1250.0,30.0,13711,1.701586432203703e-05,28.794795376755697,1692232.3093199518,2.9543110577757137e-05,50.17545419312196,1698380.8817646578,-21.38065881636626,-21.23752320130494,-0.14313561506131614,-5.745404152435185e-15,False,False,True,2.1036086163018406,0.353033567510873,2194.5500801310623,2358.3598586107155,26182.897247636676,3315803636.8910728,-0.1333698927767415,0,(110),True
canonical_strain_rate__peak__T1250K__theta45__rate1x__seed13711,Peak,1250.0,45.0,13711,1.1815507116047222e-05,20.06723139424888,1698380.8817646585,2.9543110577757137e-05,50.17545419312196,1698380.8817646578,-30.10822279887308,-30.108222798873093,1.4444330367424184e-14,-2.3347565222218014e-16,False,False,True,1.0060791910605869,4.26345060755227,13.573544232390551,12.619910747893316,151227.28715767377,191609310.9491394,-0.0001105963608804,1,(1-10),True
canonical_theta0_shared__peak__T1300K__theta0__rate1x__seed14720,Peak,1300.0,0.0,14720,2.867184305950161e-05,48.695710097214224,1698380.8817646576,2.867184305950161e-05,48.695710097214224,1698380.8817646576,0.0,0.0,0.0,0.0,False,False,True,6.5436319170815045,0.1571491437217306,9477.42150947532,13487.070345328411,36254.97750489745,7646435750.507956,-1.6576185776795502,0,(110),True
canonical_single_crack_theta__peak__T1300K__theta15__rate1x__seed14720,Peak,1300.0,15.0,14720,2.5015252931481e-05,42.39962163931468,1694950.746868361,2.867184305950161e-05,48.695710097214224,1698380.8817646576,-6.296088457899543,-6.204011467179799,-0.09207699071974582,1.7486012637846216e-15,False,False,True,4.866940252629527,0.1881025712500454,6431.410641889603,9626.15891353013,32276.579623124813,6372236123.511551,-1.022522901748125,0,(110),True
canonical_single_crack_theta__peak__T1300K__theta30__rate1x__seed14720,Peak,1300.0,30.0,14720,1.6704853872232003e-05,28.268493445059505,1692232.309319952,2.867184305950161e-05,48.695710097214224,1698380.8817646576,-20.42721665215472,-20.287715697961612,-0.13950095419310554,-1.1657341758564144e-15,False,False,True,2.0775856442694236,0.3557714202240029,1768.400001040396,2720.7081630408293,26059.54041201483,3290254776.156802,-0.1729074614702097,0,(110),True
canonical_strain_rate__peak__T1300K__theta45__rate1x__seed14720,Peak,1300.0,45.0,14720,1.1673593059021114e-05,19.826207272942067,1698380.8817646578,2.867184305950161e-05,48.695710097214224,1698380.8817646576,-28.869502824272157,-28.86950282427216,4.696826929985863e-15,-1.1441132511853619e-15,False,False,True,1.005629688877794,4.2894497173945085,11.090906272589429,14.875246783886816,152081.51373697518,190188969.90509552,-0.0002581747487877,0,(110),True
canonical_theta0_shared__ceramiclike__T0300K__theta0__rate1x__seed3003621,ceramic-like,300.0,0.0,3003621,9.064488592094594e-06,15.394954127787305,1698380.8817646585,9.064488592094594e-06,15.394954127787305,1698380.8817646585,0.0,0.0,0.0,0.0,False,False,True,1.0,10.0,1.0799149365886682e-25,1.2565787376319918e-71,718464.2991299158,1.6978641212829353e-05,-1.382168445036043e-75,0,(110),True
canonical_single_crack_theta__ceramiclike__T0300K__theta15__rate1x__seed3003621,ceramic-like,300.0,15.0,3003621,9.078555935416446e-06,15.387705163220296,1694950.746868361,9.064488592094594e-06,15.394954127787305,1698380.8817646585,-0.007248964567008187,0.023867580512440652,-0.03111654507944726,-1.5785983631388945e-15,False,False,True,1.0,10.0,2.5979454014173543e-27,2.942693194323477e-73,718464.2991299158,2.192614629291475e-06,-2.7690380935871758e-77,1,(1-10),True
canonical_single_crack_theta__ceramiclike__T0300K__theta30__rate1x__seed3003621,ceramic-like,300.0,30.0,3003621,9.090717925413816e-06,15.38360658829931,1692232.3093199525,9.064488592094594e-06,15.394954127787305,1698380.8817646585,-0.011347539487994496,0.04446676177275533,-0.055814301260749405,-4.2327252813834093e-16,False,False,True,1.0,10.0,3.5060913756699214e-32,4.1980826895024423e-78,718464.2991299158,7.120552393072038e-09,-2.071799206050991e-82,1,(1-10),True
canonical_strain_rate__ceramiclike__T0300K__theta45__rate1x__seed3003621,ceramic-like,300.0,45.0,3003621,9.064488592094594e-06,15.394954127787305,1698380.8817646585,9.064488592094594e-06,15.394954127787305,1698380.8817646585,0.0,0.0,0.0,0.0,False,False,True,1.0,10.0,2.2773228852222463e-41,3.435683295340478e-87,718464.2991299158,2.180466019308485e-13,6.740450259356911e-93,0,(110),True
canonical_theta0_shared__ceramiclike__T0600K__theta0__rate1x__seed3004630,ceramic-like,600.0,0.0,3004630,9.481217798894616e-06,16.10271904548941,1698380.881764658,9.481217798894616e-06,16.10271904548941,1698380.881764658,0.0,0.0,0.0,0.0,False,False,True,1.0000121300929643,9.754134705991746,0.282214245145552,1.261989652013855e-20,700808.2562820988,27152194.942163095,-1.3812342713599007e-24,0,(110),True
canonical_single_crack_theta__ceramiclike__T0600K__theta15__rate1x__seed3004630,ceramic-like,600.0,15.0,3004630,9.497088983828958e-06,16.097098066216173,1694950.7468683608,9.481217798894616e-06,16.10271904548941,1698380.881764658,-0.005620979273235349,0.026928096910792447,-0.03254907618402737,-4.2327252813834093e-16,False,False,True,1.0000023869801715,9.95014882066839,0.055540309697686,2.4554944354534716e-21,714884.3762787456,11540729.455099525,-2.2559914758226997e-25,1,(1-10),True
canonical_single_crack_theta__ceramiclike__T0600K__theta30__rate1x__seed3004630,ceramic-like,600.0,30.0,3004630,9.519373234848106e-06,16.10899095248556,1692232.3093199527,9.481217798894616e-06,16.10271904548941,1698380.881764658,0.006271906996150989,0.0646851622277434,-0.05841325523159247,6.245004513516506e-17,False,False,True,1.000000027239017,9.999426890360382,0.0006332445424941,2.8096339829174633e-23,718423.1428175004,1103406.5734025384,-1.3466668060345103e-27,1,(1-10),True
canonical_strain_rate__ceramiclike__T0600K__theta45__rate1x__seed3004630,ceramic-like,600.0,45.0,3004630,9.480902525796373e-06,16.102183591686817,1698380.881764658,9.481217798894616e-06,16.10271904548941,1698380.881764658,-0.0005354538025912348,-0.0005354538025916246,0.0,3.898791012257874e-16,False,False,True,1.0000000000074958,9.9999998422756,1.7417116193915065e-07,7.947650894089163e-27,718464.2878033663,19973.44746921004,1.1416690553308348e-32,0,(110),True
canonical_theta0_shared__ceramiclike__T0800K__theta0__rate1x__seed3005639,ceramic-like,800.0,0.0,3005639,9.78243275620796e-06,16.614296770291954,1698380.8817646585,9.78243275620796e-06,16.614296770291954,1698380.8817646585,0.0,0.0,0.0,0.0,False,False,True,1.1462888796886088,0.4027032211990253,2842.3071209300224,6.385589041802448e-11,33165.33401122992,2981859343.5091686,-7.030078529635022e-15,0,(110),True
canonical_single_crack_theta__ceramiclike__T0800K__theta15__rate1x__seed3005639,ceramic-like,800.0,15.0,3005639,9.444509898497936e-06,16.0079791062647,1694950.7468683603,9.78243275620796e-06,16.614296770291954,1698380.8817646585,-0.6063176640272552,-0.5733421605527392,-0.03297550347451525,-6.938893903907228e-16,False,False,True,1.102510845495798,0.4809008199634754,1998.7625325718675,5.493755453737321e-11,38092.86000271,2490365289.6643972,-4.970810411392529e-15,1,(1-10),True
canonical_single_crack_theta__ceramiclike__T0800K__theta30__rate1x__seed3005639,ceramic-like,800.0,30.0,3005639,8.892218622911921e-06,15.047699655228126,1692232.3093199523,9.78243275620796e-06,16.614296770291954,1698380.8817646585,-1.5665971150638285,-1.5091858916217515,-0.05741122344207579,-1.1518563880486e-15,False,False,True,1.0355278748634655,0.8151003193313262,705.2136509344505,2.9748038478938976e-11,60642.63307674026,1442704208.5132127,-1.2869030529993485e-15,1,(1-10),True
canonical_strain_rate__ceramiclike__T0800K__theta45__rate1x__seed3005639,ceramic-like,800.0,45.0,3005639,8.594588114247871e-06,14.596884139880348,1698380.881764658,9.78243275620796e-06,16.614296770291954,1698380.8817646585,-2.017412630411606,-2.0174126304116,-4.278733597708827e-15,-1.494426130341987e-15,False,False,True,1.0005741291488068,5.410429916142979,13.719232723971972,4.352668953302103e-13,388943.2492943968,140378882.15686616,8.589384598144253e-19,0,(110),True
canonical_theta0_shared__ceramiclike__T0900K__theta0__rate1x__seed3006648,ceramic-like,900.0,0.0,3006648,1.0267546638886602e-05,17.438204914111978,1698380.881764658,1.0267546638886602e-05,17.438204914111978,1698380.881764658,0.0,0.0,0.0,0.0,False,False,True,1.5196126663447995,0.2137982023432834,12395.410653406732,5.085015313187408e-08,23342.219399581685,5619806799.415261,-5.6034461188953304e-12,0,(110),True
canonical_single_crack_theta__ceramiclike__T0900K__theta15__rate1x__seed3006648,ceramic-like,900.0,15.0,3006648,9.728612761534466e-06,16.489519466155908,1694950.7468683606,1.0267546638886602e-05,17.438204914111978,1698380.881764658,-0.9486854479560698,-0.9143906858804144,-0.03429476207565554,1.3183898417423734e-16,False,False,True,1.3565318180544634,0.2580770409185284,8517.962033115195,3.366536560690198e-08,25152.696352724008,4644021856.239532,-3.051037093936678e-12,1,(1-10),True
canonical_single_crack_theta__ceramiclike__T0900K__theta30__rate1x__seed3006648,ceramic-like,900.0,30.0,3006648,8.774559917670396e-06,14.848593792745666,1692232.3093199525,1.0267546638886602e-05,17.438204914111978,1698380.881764658,-2.589611121366312,-2.531070235534914,-0.05854088583139639,-1.880440247958859e-15,False,False,True,1.0955758671992144,0.4980006001438889,2319.819833065356,8.592237401286623e-09,39199.22818828731,2349127235.4414353,-3.7879390189717314e-13,1,(1-10),True
canonical_strain_rate__ceramiclike__T0900K__theta45__rate1x__seed3006648,ceramic-like,900.0,45.0,3006648,8.360096591866514e-06,14.19862822133196,1698380.8817646578,1.0267546638886602e-05,17.438204914111978,1698380.881764658,-3.239576692780018,-3.2395766927800147,-2.1685430815854477e-15,-9.400813873649906e-16,False,False,True,1.0005330842221671,5.5526308436273935,12.997325087961654,4.62891601416251e-11,399149.3696012647,135267946.1066967,8.385842412661951e-17,0,(110),True
canonical_theta0_shared__ceramiclike__T0950K__theta0__rate1x__seed3007657,ceramic-like,950.0,0.0,3007657,9.948711773461162e-06,16.896701874233397,1698380.8817646576,9.948711773461162e-06,16.896701874233397,1698380.8817646576,0.0,0.0,0.0,0.0,False,False,True,1.500635018098813,0.2178108647422142,11967.137251739172,3.0770837388672017e-07,23483.336897684272,5516226799.850477,-3.393691928413634e-11,0,(110),True
canonical_single_crack_theta__ceramiclike__T0950K__theta15__rate1x__seed3007657,ceramic-like,950.0,15.0,3007657,9.437431730891949e-06,15.995981960794476,1694950.7468683608,9.948711773461162e-06,16.896701874233397,1698380.8817646576,-0.9007199134389214,-0.867471369769473,-0.03324854366944932,9.159339953157541e-16,False,False,True,1.338460936202976,0.2648722860996276,8158.194989796522,2.0488623272694034e-07,25471.083125190315,4524540918.184841,-1.8591747288798118e-11,1,(1-10),True
canonical_single_crack_theta__ceramiclike__T0950K__theta30__rate1x__seed3007657,ceramic-like,950.0,30.0,3007657,8.552136467528318e-06,14.47220164406482,1692232.3093199516,9.948711773461162e-06,16.896701874233397,1698380.8817646576,-2.4245002301685776,-2.3676233273194613,-0.056876902849117617,1.3322676295501878e-15,False,False,True,1.0922334599622856,0.5069209318671504,2207.7959223660646,5.188354119581798e-08,39779.64416851311,2307685741.8695617,-2.294034750695746e-12,1,(1-10),True
canonical_strain_rate__ceramiclike__T0950K__theta45__rate1x__seed3007657,ceramic-like,950.0,45.0,3007657,8.167178027096694e-06,13.870979019189424,1698380.881764658,9.948711773461162e-06,16.896701874233397,1698380.8817646576,-3.0257228550439734,-3.0257228550439783,4.2179342826264575e-15,6.670470257242313e-16,False,False,True,1.0005169103259062,5.6118274527952705,12.399350279191289,2.8067627289418175e-10,403398.18072531815,133200110.55942573,4.714691202290763e-16,1,(1-10),True
canonical_theta0_shared__ceramiclike__T1000K__theta0__rate1x__seed3008666,ceramic-like,1000.0,0.0,3008666,9.760731608447984e-06,16.577439955824065,1698380.881764659,9.760731608447984e-06,16.577439955824065,1698380.881764659,0.0,0.0,0.0,0.0,False,False,True,1.473765856158436,0.2238991421517385,11694.917353503815,1.264002401365217e-06,23707.519310918982,5366157076.161209,-1.3938001469905378e-10,0,(110),True
canonical_single_crack_theta__ceramiclike__T1000K__theta15__rate1x__seed3008666,ceramic-like,1000.0,15.0,3008666,9.274026849829771e-06,15.71901873559621,1694950.7468683617,9.760731608447984e-06,16.577439955824065,1698380.881764659,-0.8584212202278554,-0.8257753256126902,-0.0326458946151638,-1.4085954624931674e-15,False,False,True,1.3298217978154891,0.2683163441184719,7941.571612675858,8.070388474084612e-07,25635.734672912116,4466423725.224436,-7.324844845485787e-11,1,(1-10),True
canonical_single_crack_theta__ceramiclike__T1000K__theta30__rate1x__seed3008666,ceramic-like,1000.0,30.0,3008666,8.41781117676958e-06,14.244892047084091,1692232.3093199523,9.760731608447984e-06,16.577439955824065,1698380.881764659,-2.332547908739974,-2.2766618651129176,-0.055886043627055154,-1.1379786002407855e-15,False,False,True,1.0900043993973194,0.5131434464310339,2160.348827835451,1.8810489285730664e-07,40185.76407354604,2279629589.7937746,-8.334545199182463e-12,0,(110),True
canonical_strain_rate__ceramiclike__T1000K__theta45__rate1x__seed3008666,ceramic-like,1000.0,45.0,3008666,8.03507957272044e-06,13.646625529766135,1698380.8817646585,9.760731608447984e-06,16.577439955824065,1698380.881764659,-2.93081442605793,-2.9308144260579256,-4.1434101716541735e-15,-2.974819268464527e-16,False,False,True,1.0004856794277956,5.731701637285745,12.0379083092329,1.0155414167412247e-09,412002.3038708416,129113553.92829733,1.5606153948885988e-15,1,(1-10),True
canonical_theta0_shared__ceramiclike__T1050K__theta0__rate1x__seed3009675,ceramic-like,1050.0,0.0,3009675,9.238140834684332e-06,15.68988177667727,1698380.881764658,9.238140834684332e-06,15.68988177667727,1698380.881764658,0.0,0.0,0.0,0.0,False,False,True,1.443476099539105,0.2314151376586764,10654.774278391356,5.893449471442408e-06,23999.74096746013,5191783949.5847645,-6.515941754978643e-10,0,(110),True
canonical_single_crack_theta__ceramiclike__T1050K__theta15__rate1x__seed3009675,ceramic-like,1050.0,15.0,3009675,8.802830891356953e-06,14.920364793861348,1694950.746868361,9.238140834684332e-06,15.68988177667727,1698380.881764658,-0.7695169828159223,-0.7385754994756198,-0.030941483340300932,-1.5126788710517758e-15,False,False,True,1.303073851439497,0.279897342122937,7282.474170445656,3.925671870638402e-06,26204.326204826975,4281485509.278002,-3.5746788068741715e-10,1,(1-10),True
canonical_single_crack_theta__ceramiclike__T1050K__theta30__rate1x__seed3009675,ceramic-like,1050.0,30.0,3009675,8.048477757852636e-06,13.619894102681233,1692232.3093199516,9.238140834684332e-06,15.68988177667727,1698380.881764658,-2.069987673996037,-2.0168436606259257,-0.05314401337011155,2.2898349882893854e-16,False,False,True,1.081156219001186,0.5403154951677483,1973.8724733377492,9.947003117107834e-07,41970.20262309355,2164678078.7921066,-4.4364060230856745e-11,1,(1-10),True
canonical_strain_rate__ceramiclike__T1050K__theta45__rate1x__seed3009675,ceramic-like,1050.0,45.0,3009675,7.717047000441742e-06,13.106485089229562,1698380.8817646587,9.238140834684332e-06,15.68988177667727,1698380.881764658,-2.583396687447708,-2.583396687447714,5.921530945386996e-15,-1.4837121733618185e-16,False,False,True,1.0004606648762744,5.833460989723968,11.055851146228282,5.425542727238705e-09,419306.41694612213,125744654.41378124,6.9720338543986465e-15,1,(1-10),True
canonical_theta0_shared__ceramiclike__T1100K__theta0__rate1x__seed3010684,ceramic-like,1100.0,0.0,3010684,8.710791079623953e-06,14.794241034679452,1698380.8817646585,8.710791079623953e-06,14.794241034679452,1698380.8817646585,0.0,0.0,0.0,0.0,False,False,True,1.4005447228029595,0.2434943581184681,9781.10757402391,1.5079384499674103e-05,24501.409958516244,4934089342.727726,-1.6704279329460135e-09,0,(110),True
canonical_single_crack_theta__ceramiclike__T1100K__theta15__rate1x__seed3010684,ceramic-like,1100.0,15.0,3010684,8.316304518984042e-06,14.095726555636732,1694950.7468683615,8.710791079623953e-06,14.794241034679452,1698380.8817646585,-0.6985144790427196,-0.6693118616450341,-0.029202617397685236,-2.463307335887066e-16,False,False,True,1.2775075651671834,0.2924959942319403,6626.444246435105,1.011935953880003e-05,26846.55697330079,4096921645.397096,-9.239661831513459e-10,1,(1-10),True
canonical_single_crack_theta__ceramiclike__T1100K__theta30__rate1x__seed3010684,ceramic-like,1100.0,30.0,3010684,7.659359706365768e-06,12.961415963815533,1692232.3093199518,8.710791079623953e-06,14.794241034679452,1698380.8817646585,-1.8328250708639189,-1.7824985418447041,-0.05032652901921497,2.220446049250313e-16,False,False,True,1.0753454155102653,0.5607006034393859,1800.5713077691382,2.5891365382444153e-06,43319.57668740329,2085743182.1021912,-1.1626072716745532e-10,0,(110),True
canonical_strain_rate__ceramiclike__T1100K__theta45__rate1x__seed3010684,ceramic-like,1100.0,45.0,3010684,7.370662055550445e-06,12.518191521095073,1698380.8817646583,8.710791079623953e-06,14.794241034679452,1698380.8817646585,-2.276049513584379,-2.2760495135843763,-1.8721275421760976e-15,-7.924077169242781e-16,False,False,True,1.0004151325012125,6.0334859161095205,10.087856446404182,1.3872524071232248e-08,433664.37647554226,119368668.50093544,1.3507554973890795e-14,1,(1-10),True
canonical_theta0_shared__ceramiclike__T1150K__theta0__rate1x__seed3011693,ceramic-like,1150.0,0.0,3011693,8.523544839451268e-06,14.476225600187846,1698380.881764658,8.523544839451268e-06,14.476225600187846,1698380.881764658,0.0,0.0,0.0,0.0,False,False,True,1.3863282310656515,0.2479313522978521,9465.451048409595,6.170296481068084e-05,24694.64055541277,4845735725.6304455,-6.847802502374349e-09,0,(110),True
canonical_single_crack_theta__ceramiclike__T1150K__theta15__rate1x__seed3011693,ceramic-like,1150.0,15.0,3011693,8.157718590311912e-06,13.82693121739109,1694950.7468683613,8.523544839451268e-06,14.476225600187846,1698380.881764658,-0.6492943827967554,-0.6206848908943802,-0.028609491902374957,-3.157196726277789e-16,False,False,True,1.2667347425335609,0.2983390067194456,6436.734591089031,4.084872124501926e-05,27151.94305813668,4016613450.855052,-3.739526963791464e-09,1,(1-10),True
canonical_single_crack_theta__ceramiclike__T1150K__theta30__rate1x__seed3011693,ceramic-like,1150.0,30.0,3011693,7.529910908598834e-06,12.7423585258317,1692232.3093199513,8.523544839451268e-06,14.476225600187846,1698380.881764658,-1.7338670743561462,-1.6845141565287574,-0.049352917827389535,7.147060721024445e-16,False,False,True,1.0729424422067948,0.5698319560708847,1742.7022582550844,1.0411317014744283e-05,43926.683849095025,2052213625.6828284,-4.7053632346071e-10,0,(110),True
canonical_strain_rate__ceramiclike__T1150K__theta45__rate1x__seed3011693,ceramic-like,1150.0,45.0,3011693,7.248285011060568e-06,12.31034868836661,1698380.8817646592,8.523544839451268e-06,14.476225600187846,1698380.881764658,-2.165876911821236,-2.1658769118212455,9.180413239234963e-15,1.4546016761635242e-16,False,False,True,1.0004034324946325,6.088296113863137,9.758196118631307,5.686494272448985e-08,437598.8104200548,117674515.70427036,3.8321452895150646e-14,1,(1-10),True
canonical_theta0_shared__ceramiclike__T1200K__theta0__rate1x__seed3012702,ceramic-like,1200.0,0.0,3012702,8.324800350634854e-06,14.138681760025955,1698380.8817646578,8.324800350634854e-06,14.138681760025955,1698380.8817646578,0.0,0.0,0.0,0.0,False,False,True,1.3799788717201054,0.2499929237483829,9068.485763720926,0.0002182158299611,24785.937236139747,4805750591.802604,-2.4269764719763778e-08,0,(110),True
canonical_single_crack_theta__ceramiclike__T1200K__theta15__rate1x__seed3012702,ceramic-like,1200.0,15.0,3012702,7.983791587876853e-06,13.53213351471321,1694950.7468683613,8.324800350634854e-06,14.138681760025955,1698380.8817646578,-0.6065482453127444,-0.5785779101538697,-0.02797033515887474,3.469446951953614e-17,False,False,True,1.2590875706812656,0.302705866393515,6199.511628121403,0.0001439782179737,27383.05930652682,3958617457.739791,-1.3220809158139238e-08,1,(1-10),True
canonical_single_crack_theta__ceramiclike__T1200K__theta30__rate1x__seed3012702,ceramic-like,1200.0,30.0,3012702,7.384592058443821e-06,12.496445272446165,1692232.309319952,8.324800350634854e-06,14.138681760025955,1698380.8817646578,-1.6422364875797903,-1.5939413189350247,-0.04829516864476548,-2.0816681711721685e-16,False,False,True,1.0698505545270185,0.5822651699734084,1679.2686529033415,3.6537689520423024e-05,44755.77903288314,2008248017.941332,-1.663823929512698e-09,1,(1-10),True
canonical_strain_rate__ceramiclike__T1200K__theta45__rate1x__seed3012702,ceramic-like,1200.0,45.0,3012702,7.124619792008269e-06,12.100318044588942,1698380.8817646585,8.324800350634854e-06,14.138681760025955,1698380.8817646578,-2.038363715437013,-2.0383637154370193,5.395647653835985e-15,8.216012840648917e-16,False,False,True,1.0003946012674036,6.130670911081865,9.428645995712378,1.9817858013252318e-07,440640.6266972651,116379428.62803894,6.380995640298716e-14,0,(110),True
canonical_theta0_shared__ceramiclike__T1250K__theta0__rate1x__seed3013711,ceramic-like,1250.0,0.0,3013711,8.093466451088617e-06,13.745788687732558,1698380.8817646573,8.093466451088617e-06,13.745788687732558,1698380.8817646573,0.0,0.0,0.0,0.0,False,False,True,1.356940534788396,0.2579293384637496,8743.340542187496,0.0004841948748566,25145.87503406022,4657785028.400934,-5.396829722286184e-08,0,(110),True
canonical_single_crack_theta__ceramiclike__T1250K__theta15__rate1x__seed3013711,ceramic-like,1250.0,15.0,3013711,7.766209369795913e-06,13.163342371671648,1694950.7468683613,8.093466451088617e-06,13.745788687732558,1698380.8817646573,-0.5824463160609099,-0.5552459023223311,-0.027200413738579576,7.320533068622126e-16,False,False,True,1.2489410933052911,0.3088074145579522,5972.684701532509,0.0003151133665041,27709.894177277656,3880328951.876073,-2.9029018499620336e-08,0,(110),True
canonical_single_crack_theta__ceramiclike__T1250K__theta30__rate1x__seed3013711,ceramic-like,1250.0,30.0,3013711,7.205446268319417e-06,12.193288978318996,1692232.3093199518,8.093466451088617e-06,13.745788687732558,1698380.8817646573,-1.5524997094135617,-1.5054664728233083,-0.04703323659025357,7.632783294297951e-17,False,False,True,1.0657341923678971,0.6001557580209887,1613.2214224312386,7.70500195068674e-05,45953.44444129014,1948175534.4585912,-3.538775141958244e-09,1,(1-10),True
canonical_strain_rate__ceramiclike__T1250K__theta45__rate1x__seed3013711,ceramic-like,1250.0,45.0,3013711,6.955025143069864e-06,11.812281735182369,1698380.881764659,8.093466451088617e-06,13.745788687732558,1698380.8817646573,-1.9335069525501893,-1.9335069525502018,1.226312494360718e-14,1.713729321945729e-16,False,False,True,1.000362789921326,6.290984136539788,9.024036570657438,4.0857719645402116e-07,452148.7263618493,111589823.5684081,-4.010359553213934e-14,1,(1-10),True
canonical_theta0_shared__ceramiclike__T1300K__theta0__rate1x__seed3014720,ceramic-like,1300.0,0.0,3014720,7.69821887959935e-06,13.074507768751278,1698380.8817646578,7.69821887959935e-06,13.074507768751278,1698380.8817646578,0.0,0.0,0.0,0.0,False,False,True,1.332288549888782,0.2673192680650391,8026.082411578147,0.0013959816859948,25587.84736691759,4494063497.135275,-1.5619624594992182e-07,0,(110),True
canonical_single_crack_theta__ceramiclike__T1300K__theta15__rate1x__seed3014720,ceramic-like,1300.0,15.0,3014720,7.408466912014659e-06,12.556986525668789,1694950.7468683613,7.69821887959935e-06,13.074507768751278,1698380.8817646578,-0.5175212430824896,-0.49161225803188896,-0.025908985050601182,5.516420653606247e-16,False,False,True,1.2258793635583514,0.3241728110504759,5487.330010240485,0.0009151872590587,28551.538414228937,3696226152.6614375,-8.475467013398449e-08,1,(1-10),True
canonical_single_crack_theta__ceramiclike__T1300K__theta30__rate1x__seed3014720,ceramic-like,1300.0,30.0,3014720,6.908573101922914e-06,11.69091061437272,1692232.3093199525,7.69821887959935e-06,13.074507768751278,1698380.8817646578,-1.383597154378558,-1.338691695036993,-0.044905459341565,2.0816681711721685e-17,False,False,True,1.061106089495509,0.6223836256447026,1482.422441352915,0.00023445316373,47448.46397503515,1878342019.8395104,-1.0900756286375073e-08,1,(1-10),True
canonical_strain_rate__ceramiclike__T1300K__theta45__rate1x__seed3014720,ceramic-like,1300.0,45.0,3014720,6.687624107492752e-06,11.358132928594127,1698380.8817646585,7.69821887959935e-06,13.074507768751278,1698380.8817646578,-1.716374840157151,-1.716374840157157,5.024197623282241e-15,9.710067096936046e-16,False,False,True,1.000346868451125,6.376091339605938,8.307230331522959,1.2762877969514642e-06,458258.29977901385,109113727.64045513,-8.449554067833925e-13,1,(1-10),True
canonical_theta0_shared__weakt__T0300K__theta0__rate1x__seed2003621,weak-T,300.0,0.0,2003621,1.324462394970467e-05,22.494416102340733,1698380.8817646585,1.324462394970467e-05,22.494416102340733,1698380.8817646585,0.0,0.0,0.0,0.0,False,False,True,1.422172058739323,0.4283090776101945,261.3846652180501,2829.4589321433605,93980.13622754448,2803280740.488271,-0.3972309363851055,0,(110),True
canonical_single_crack_theta__weakt__T0300K__theta15__rate1x__seed2003621,weak-T,300.0,15.0,2003621,1.2099341243273492e-05,20.507787476901576,1694950.7468683617,1.324462394970467e-05,22.494416102340733,1698380.8817646585,-1.986628625439156,-1.9431620157296718,-0.04346660970948261,-1.6306400674181987e-15,False,False,True,1.1543857005442528,0.7051856017692834,80.32617328710998,1058.2260492865844,125597.5085060968,1652785363.0063758,-0.1345915036507199,1,(1-10),True
canonical_single_crack_theta__weakt__T0300K__theta30__rate1x__seed2003621,weak-T,300.0,30.0,2003621,1.1326609876333088e-05,19.16725518779332,1692232.3093199523,1.324462394970467e-05,22.494416102340733,1698380.8817646585,-3.327160914547413,-3.2516219089298066,-0.07553900561760463,-1.7763568394002505e-15,False,False,True,1.0000387041769294,9.751552612468604,0.0421538665925484,0.2763029928707656,1504586.7271588347,19304325.683891155,-2.5850503371380892e-05,1,(1-10),True
canonical_strain_rate__weakt__T0300K__theta45__rate1x__seed2003621,weak-T,300.0,45.0,2003621,1.1298020435733496e-05,19.188341909836176,1698380.8817646576,1.324462394970467e-05,22.494416102340733,1698380.8817646585,-3.306074192504557,-3.306074192504544,-1.1428559378459196e-14,-1.45002770719262e-15,False,False,True,1.0,10.0,7.654797770587817e-32,1.2874703026729116e-31,1542860.4607003944,1.6898681317835136e-08,-7.318040370739051e-36,0,(110),True
canonical_theta0_shared__weakt__T0600K__theta0__rate1x__seed2004630,weak-T,600.0,0.0,2004630,1.3821493943638316e-05,23.47416107130131,1698380.881764657,1.3821493943638316e-05,23.47416107130131,1698380.881764657,0.0,0.0,0.0,0.0,False,False,True,1.8387566376891076,0.2989336312723705,89.34935605974665,6423.0883023191855,84805.82446048965,4018418184.43947,-0.9522353541134468,0,(110),True
canonical_single_crack_theta__weakt__T0600K__theta15__rate1x__seed2004630,weak-T,600.0,15.0,2004630,1.2579783979073616e-05,21.32211425077347,1694950.7468683613,1.3821493943638316e-05,23.47416107130131,1698380.881764657,-2.15204682052784,-2.10676684817309,-0.04527997235474962,-2.7755575615628914e-16,False,False,True,1.4633235334389516,0.4017457852869218,64.26922760486849,3572.8625914536888,90702.3074844148,2964796438.062027,-0.4833945020477086,1,(1-10),True
canonical_single_crack_theta__weakt__T0600K__theta30__rate1x__seed2004630,weak-T,600.0,30.0,2004630,1.0677194647722416e-05,18.068293755773933,1692232.3093199518,1.3821493943638316e-05,23.47416107130131,1698380.881764657,-5.405867315527377,-5.33055133472525,-0.07531598080212826,9.43689570931383e-16,False,False,True,1.0370391167481343,1.412504921016951,23.199980431453763,292.51865089982005,226001.72659802227,679505752.5943367,-0.0306336485429964,1,(1-10),True
canonical_strain_rate__weakt__T0600K__theta45__rate1x__seed2004630,weak-T,600.0,45.0,2004630,1.0412211749162234e-05,17.683901371662486,1698380.8817646578,1.3821493943638316e-05,23.47416107130131,1698380.881764657,-5.790259699638824,-5.790259699638834,8.463523941859796e-15,1.306438674841582e-15,False,False,True,1.0000000015965458,9.999990253218982,3.1360295913346064e-05,1.8118713165637447e-05,1542858.9593713344,165441.76220293646,-1.8558921776697215e-09,0,(110),True
canonical_theta0_shared__weakt__T0800K__theta0__rate1x__seed2005639,weak-T,800.0,0.0,2005639,1.3768572554748502e-05,23.38428039617443,1698380.8817646578,1.3768572554748502e-05,23.38428039617443,1698380.8817646578,0.0,0.0,0.0,0.0,False,False,True,2.073050746734723,0.2665121572002785,15.630455838995124,7995.308063873281,85241.9953968427,4507679631.673564,-1.1786779920147914,0,(110),True
canonical_single_crack_theta__weakt__T0800K__theta15__rate1x__seed2005639,weak-T,800.0,15.0,2005639,1.2644147082131355e-05,21.43120654037195,1694950.746868361,1.3768572554748502e-05,23.38428039617443,1698380.8817646578,-1.9530738558024794,-1.9077742601361964,-0.04529959566628234,-6.036837696399289e-16,False,False,True,1.645246121894567,0.3421990399809964,9.405009974342155,4860.455272977169,86863.297498029,3491425938.7874737,-0.6519435070172117,1,(1-10),True
canonical_single_crack_theta__weakt__T0800K__theta30__rate1x__seed2005639,weak-T,800.0,30.0,2005639,1.0497988369342436e-05,17.76503510146635,1692232.3093199523,1.3768572554748502e-05,23.38428039617443,1698380.8817646578,-5.6192452947080795,-5.544642940795261,-0.0746023539128167,-1.970645868709653e-15,False,False,True,1.0911613359505747,0.8844902631463147,6.377273396214367,730.4945287623868,148904.79211844102,1242998370.0804987,-0.0730100564417098,1,(1-10),True
canonical_strain_rate__weakt__T0800K__theta45__rate1x__seed2005639,weak-T,800.0,45.0,2005639,9.87444885959966e-06,16.770575161106894,1698380.8817646583,1.3768572554748502e-05,23.38428039617443,1698380.8817646578,-6.613705235067535,-6.613705235067539,5.504819893824906e-15,-1.0639277953242797e-15,False,False,True,1.000157735229752,7.741528475403273,2.3272343662215227,5.485212545134225,1194598.2195158112,78627458.08066344,-0.0005009780497478,0,(110),True
canonical_theta0_shared__weakt__T0900K__theta0__rate1x__seed2006648,weak-T,900.0,0.0,2006648,1.3744143018274916e-05,23.34278973847732,1698380.8817646583,1.3744143018274916e-05,23.34278973847732,1698380.8817646583,0.0,0.0,0.0,0.0,False,False,True,2.1327820145880305,0.2576406762022859,23.8685441170924,8575.487913128129,84778.85552191583,4663004293.513855,-1.2660157187923344,0,(110),True
canonical_single_crack_theta__weakt__T0900K__theta15__rate1x__seed2006648,weak-T,900.0,15.0,2006648,1.2703733961433012e-05,21.532203365947847,1694950.746868361,1.3744143018274916e-05,23.34278973847732,1698380.8817646583,-1.8105863725294746,-1.7652264796489399,-0.045359892880536316,1.547373340571312e-15,False,False,True,1.6829360611412325,0.3296892833500848,16.074476242002724,5250.094536712946,85604.99303711473,3625852958.9272985,-0.7058624718874698,1,(1-10),True
canonical_single_crack_theta__weakt__T0900K__theta30__rate1x__seed2006648,weak-T,900.0,30.0,2006648,1.0638827496058826e-05,18.00336762211223,1692232.309319952,1.3744143018274916e-05,23.34278973847732,1698380.8817646583,-5.339422116365093,-5.2644618860528345,-0.07496023031225839,3.191891195797325e-16,False,False,True,1.0934136931759646,0.8405184505100325,9.91907540891109,813.9356844836259,141794.18117935845,1323182484.376596,-0.0821147935740365,1,(1-10),True
canonical_strain_rate__weakt__T0900K__theta45__rate1x__seed2006648,weak-T,900.0,45.0,2006648,9.554796142099709e-06,16.227683096900858,1698380.8817646583,1.3744143018274916e-05,23.34278973847732,1698380.8817646583,-7.115106641576464,-7.115106641576465,0.0,8.881784197001252e-16,False,False,True,1.002043592110058,5.062371560440508,3.6640698111558185,18.764862569744484,782649.4461424346,153848065.1361244,-0.0012162167867635,0,(110),True
canonical_theta0_shared__weakt__T0950K__theta0__rate1x__seed2007657,weak-T,950.0,0.0,2007657,1.3310027899764304e-05,22.605496920713904,1698380.8817646585,1.3310027899764304e-05,22.605496920713904,1698380.8817646585,0.0,0.0,0.0,0.0,False,False,True,2.0919710004016685,0.2661637566281821,225.8057920230079,7917.230832564706,85907.52888865327,4513585111.745386,-1.1633919820781216,0,(110),True
canonical_single_crack_theta__weakt__T0950K__theta15__rate1x__seed2007657,weak-T,950.0,15.0,2007657,1.237483689701167e-05,20.974739040964085,1694950.7468683615,1.3310027899764304e-05,22.605496920713904,1698380.8817646585,-1.6307578797498188,-1.5867066042267723,-0.044051275523045906,-5.342948306008566e-16,False,False,True,1.6896198838158092,0.3354228651834575,164.91069154666536,4901.259162773833,87439.63287742529,3566275549.1853676,-0.6489393026283986,1,(1-10),True
canonical_single_crack_theta__weakt__T0950K__theta30__rate1x__seed2007657,weak-T,950.0,30.0,2007657,1.0307122194889442e-05,17.44204519430069,1692232.3093199518,1.3310027899764304e-05,22.605496920713904,1698380.8817646585,-5.163451726413214,-5.090845847265969,-0.072605879147245,-2.7755575615628914e-17,False,False,True,1.2040476974741778,0.6234493736009509,94.18021122315298,1405.6337047348648,115816.7926864332,1882201820.0388832,-0.1345418572269068,1,(1-10),True
canonical_strain_rate__weakt__T0950K__theta45__rate1x__seed2007657,weak-T,950.0,45.0,2007657,9.030019788305909e-06,15.3364129704153,1698380.881764658,1.3310027899764304e-05,22.605496920713904,1698380.8817646585,-7.269083950298604,-7.2690839502986,-5.20144768247153e-15,7.60555583970904e-16,False,False,True,1.0024376436688365,5.255815358873847,6.35162063691288,16.469043432332317,812875.6533365678,146183575.13926804,-0.0010248610619907,0,(110),True
canonical_theta0_shared__weakt__T1000K__theta0__rate1x__seed2008666,weak-T,1000.0,0.0,2008666,1.3999999999999988e-05,23.777332344705204,1698380.881764659,1.3999999999999988e-05,23.777332344705204,1698380.881764659,0.0,0.0,0.0,0.0,False,False,True,2.2304526820673214,0.2526386933696515,12.540462714479,8852.845789756066,86939.97886258383,4755388071.398291,-1.2978702279421912,0,(110),True
canonical_single_crack_theta__weakt__T1000K__theta15__rate1x__seed2008666,weak-T,1000.0,15.0,2008666,1.2902142160069658e-05,21.868495490411828,1694950.7468683603,1.3999999999999988e-05,23.777332344705204,1698380.881764659,-1.9088368542933765,-1.8626978659891569,-0.04613898830422085,1.2628786905111156e-15,False,False,True,1.7628022466536457,0.3207582673771926,3.159720549872126,5492.351971039596,87238.48273257512,3728412263.4365854,-0.7312029793182151,1,(1-10),True
canonical_single_crack_theta__weakt__T1000K__theta30__rate1x__seed2008666,weak-T,1000.0,30.0,2008666,1.059644836297518e-05,17.931652283867113,1692232.3093199518,1.3999999999999988e-05,23.777332344705204,1698380.881764659,-5.845680060838092,-5.7700635385169665,-0.07561652232112577,6.245004513516506e-16,False,False,True,1.1491412994030044,0.7230855891740673,0.2037869932740159,1076.3540597412568,128200.52063228445,1572248881.7632945,-0.1043391386951335,1,(1-10),True
canonical_strain_rate__weakt__T1000K__theta45__rate1x__seed2008666,weak-T,1000.0,45.0,2008666,9.339530994978596e-06,15.862080886520104,1698380.8817646583,1.3999999999999988e-05,23.777332344705204,1698380.881764659,-7.9152514581851,-7.915251458185093,-8.151237036210457e-15,1.0458096786094555e-15,False,False,True,1.0021195799405969,5.1148101806707515,0.3952460243875058,16.434109582453065,790816.4926262342,151723455.3178549,-0.0008872370186662,0,(110),True
canonical_theta0_shared__weakt__T1050K__theta0__rate1x__seed2009675,weak-T,1050.0,0.0,2009675,1.3799999999999988e-05,23.437656168352262,1698380.8817646583,1.3799999999999988e-05,23.437656168352262,1698380.8817646583,0.0,0.0,0.0,0.0,False,False,True,2.332611278524234,0.242801449401858,16.6403197492581,9580.201694151106,87381.6609472846,4948177129.3694935,-1.391103990662001,0,(110),True
canonical_single_crack_theta__weakt__T1050K__theta15__rate1x__seed2009675,weak-T,1050.0,15.0,2009675,1.279999999999999e-05,21.695369559915,1694950.7468683608,1.3799999999999988e-05,23.437656168352262,1698380.8817646583,-1.7422866084372615,-1.6966658143165076,-0.045620794120756356,2.5396351688300456e-15,False,False,True,1.8296706124806197,0.3076615283016831,4.7453690447610075,5967.692797181932,86850.5864075602,3889545891.485614,-0.7870812387653554,1,(1-10),True
canonical_single_crack_theta__weakt__T1050K__theta30__rate1x__seed2009675,weak-T,1050.0,30.0,2009675,1.055268525560857e-05,17.857594939625102,1692232.3093199523,1.3799999999999988e-05,23.437656168352262,1698380.8817646583,-5.5800612287271605,-5.505194103968545,-0.07486712475861633,1.096345236817342e-15,False,False,True,1.1794439229271767,0.6602727903207829,0.2987130691978055,1290.844847126386,120150.98815282097,1741301773.5272202,-0.1235008533890663,1,(1-10),True
canonical_strain_rate__weakt__T1050K__theta45__rate1x__seed2009675,weak-T,1050.0,45.0,2009675,9.259230598977204e-06,15.725700229153205,1698380.8817646578,1.3799999999999988e-05,23.437656168352262,1698380.8817646583,-7.711955939199058,-7.711955939199055,-5.368895502522866e-15,2.70436024342249e-15,False,False,True,1.0020999312394328,5.214958109975976,0.128549921090363,15.962464647167703,806284.8619457914,147763647.67816108,-0.0008306903109056,0,(110),True
canonical_theta0_shared__weakt__T1100K__theta0__rate1x__seed2010684,weak-T,1100.0,0.0,2010684,1.3534081144642786e-05,22.986024668312854,1698380.8817646585,1.3534081144642786e-05,22.986024668312854,1698380.8817646585,0.0,0.0,0.0,0.0,False,False,True,2.720483120831569,0.213072835731924,59.590154658978335,12546.340918193691,89433.6119461271,5638947308.46303,-1.8503131045573693,0,(110),True
canonical_single_crack_theta__weakt__T1100K__theta15__rate1x__seed2010684,weak-T,1100.0,15.0,2010684,1.255438182034941e-05,21.27905884287181,1694950.7468683613,1.3534081144642786e-05,22.986024668312854,1698380.8817646585,-1.7069658254410456,-1.6622223518375558,-0.04474347360348895,-7.840950111415168e-16,False,False,True,2.2199156297596874,0.252784236022527,27.44420151154469,8909.056112009268,86579.10770163187,4741051190.505538,-1.1944348970603462,0,(110),True
canonical_single_crack_theta__weakt__T1100K__theta30__rate1x__seed2010684,weak-T,1100.0,30.0,2010684,1.0295675144509284e-05,17.422674125800977,1692232.309319952,1.3534081144642786e-05,22.986024668312854,1698380.8817646585,-5.563350542511877,-5.490091051070101,-0.0732594914417754,-9.43689570931383e-16,False,False,True,1.3534824107441352,0.4676296805049535,7.7426318845892,2597.8837220905084,97652.04300859704,2502062592.6426063,-0.2520579658359446,0,(110),True
canonical_strain_rate__weakt__T1100K__theta45__rate1x__seed2010684,weak-T,1100.0,45.0,2010684,8.98087845414247e-06,15.252952267967714,1698380.881764659,1.3534081144642786e-05,22.986024668312854,1698380.8817646585,-7.73307240034514,-7.733072400345144,5.242172535226041e-15,-1.6894588564255401e-15,False,False,True,1.001803483548044,5.253475473151619,1.178266555415337,15.791879924320638,811999.7507523955,146273527.5106728,-0.0009263145218769,0,(110),True
canonical_theta0_shared__weakt__T1150K__theta0__rate1x__seed2011693,weak-T,1150.0,0.0,2011693,1.3290955298522014e-05,22.573104379398465,1698380.8817646576,1.3290955298522014e-05,22.573104379398465,1698380.8817646576,0.0,0.0,0.0,0.0,False,False,True,2.6689836159300304,0.2169176086486652,75.65128069966232,11994.010195554662,89323.83593912794,5538953111.385305,-1.7564633263979987,0,(110),True
canonical_single_crack_theta__weakt__T1150K__theta15__rate1x__seed2011693,weak-T,1150.0,15.0,2011693,1.2351799377130312e-05,20.935691579435176,1694950.7468683608,1.3290955298522014e-05,22.573104379398465,1698380.8817646576,-1.6374127999632897,-1.5934337461382249,-0.043979053825066165,1.3253287356462806e-15,False,False,True,2.1944074097242514,0.256384582979177,23.79937070414573,8635.356189951497,86803.21622575485,4674430934.008696,-1.1528046076181806,0,(110),True
canonical_single_crack_theta__weakt__T1150K__theta30__rate1x__seed2011693,weak-T,1150.0,30.0,2011693,1.012957286282574e-05,17.141590478084332,1692232.3093199532,1.3290955298522014e-05,22.573104379398465,1698380.8817646576,-5.431513901314133,-5.359512494267492,-0.07200140704664265,1.609823385706477e-15,False,False,True,1.348573354152019,0.4740940637762905,4.80617480131049,2524.235472123236,98642.8794853691,2467871098.992065,-0.243879895160973,0,(110),True
canonical_strain_rate__weakt__T1150K__theta45__rate1x__seed2011693,weak-T,1150.0,45.0,2011693,8.859506704247424e-06,15.046816808359642,1698380.8817646583,1.3290955298522014e-05,22.573104379398465,1698380.8817646576,-7.526287571038823,-7.526287571038831,7.735959488003086e-15,2.5764628929804123e-16,False,False,True,1.0018746219743366,5.363569756594803,0.3325523975349321,14.747518251052185,829075.2651853691,142109848.11416182,-0.0007903773967282,0,(110),True
canonical_theta0_shared__weakt__T1200K__theta0__rate1x__seed2012702,weak-T,1200.0,0.0,2012702,1.2627564590657142e-05,21.446414284020445,1698380.8817646576,1.2627564590657142e-05,21.446414284020445,1698380.8817646576,0.0,0.0,0.0,0.0,False,False,True,2.540781163053708,0.2235671563165852,305.7583636383006,11458.872147535689,87639.90803695288,5374129539.682867,-1.694671422388378,0,(110),True
canonical_single_crack_theta__weakt__T1200K__theta15__rate1x__seed2012702,weak-T,1200.0,15.0,2012702,1.17572265710826e-05,19.92791995775698,1694950.7468683599,1.2627564590657142e-05,21.446414284020445,1698380.8817646576,-1.5184943262634647,-1.476672764712057,-0.041821561551407684,-2.0816681711721685e-17,False,False,True,2.1035512763983752,0.2643596008678359,184.84685368392184,8294.345962645215,85797.54077474982,4533321731.44944,-1.1245458813427776,0,(110),True
canonical_single_crack_theta__weakt__T1200K__theta30__rate1x__seed2012702,weak-T,1200.0,30.0,2012702,9.744527273351412e-06,16.4900038910147,1692232.3093199506,1.2627564590657142e-05,21.446414284020445,1698380.8817646576,-4.9564103930057435,-4.8876321792229955,-0.06877821378274747,-4.85722573273506e-16,False,False,True,1.324352898345133,0.4885639676024923,76.54239410480896,2465.8695178774906,99827.87110950288,2394612458.480859,-0.2487593973049206,0,(110),True
canonical_strain_rate__weakt__T1200K__theta45__rate1x__seed2012702,weak-T,1200.0,45.0,2012702,8.559744540136616e-06,14.537706479757444,1698380.8817646583,1.2627564590657142e-05,21.446414284020445,1698380.8817646576,-6.908707804263001,-6.908707804263006,7.399582233324329e-15,-2.0705117151235777e-15,False,False,True,1.0020472254604162,5.466744770869811,5.057432487598702,14.939387017500252,845169.1524000644,138329855.11441818,-0.000953858827941,0,(110),True
canonical_theta0_shared__weakt__T1250K__theta0__rate1x__seed2013711,weak-T,1250.0,0.0,2013711,1.2441474802092887e-05,21.130362944831298,1698380.8817646585,1.2441474802092887e-05,21.130362944831298,1698380.8817646585,0.0,0.0,0.0,0.0,False,False,True,2.5256334295188108,0.2262811356942793,121.68049255844582,10957.62097366866,88174.96916455672,5309640669.717903,-1.6044292107716809,0,(110),True
canonical_single_crack_theta__weakt__T1250K__theta15__rate1x__seed2013711,weak-T,1250.0,15.0,2013711,1.159251253845386e-05,19.64873778513321,1694950.7468683613,1.2441474802092887e-05,21.130362944831298,1698380.8817646585,-1.481625159698087,-1.4404052503610985,-0.041219909336987756,-7.355227538141662e-16,False,False,True,2.0975319625511792,0.2665618170704136,56.647127500009546,7973.677447020209,86264.7120514621,4495843124.701165,-1.0659895106759645,0,(110),True
canonical_single_crack_theta__weakt__T1250K__theta30__rate1x__seed2013711,weak-T,1250.0,30.0,2013711,9.628899436801947e-06,16.29433473014895,1692232.3093199525,1.2441474802092887e-05,21.130362944831298,1698380.8817646585,-4.836028214682347,-4.76817756723754,-0.06785064744480887,1.8041124150158794e-15,False,False,True,1.3197382922913186,0.4918122474480473,7.392253144155427,2354.1926048701735,100141.43420922985,2378758757.332385,-0.228971252162103,0,(110),True
canonical_strain_rate__weakt__T1250K__theta45__rate1x__seed2013711,weak-T,1250.0,45.0,2013711,8.501763606813866e-06,14.439232771095222,1698380.8817646592,1.2441474802092887e-05,21.130362944831298,1698380.8817646585,-6.6911301737360755,-6.691130173736083,7.314341518413304e-15,-2.0891416081230242e-16,False,False,True,1.0016257750955588,5.453919083541749,1.0146618091129094,14.05464176262828,842831.6415681489,138793581.49733663,-0.0008099085927025,0,(110),True
canonical_theta0_shared__weakt__T1300K__theta0__rate1x__seed2014720,weak-T,1300.0,0.0,2014720,1.212759309474342e-05,20.5972722539333,1698380.8817646576,1.212759309474342e-05,20.5972722539333,1698380.8817646576,0.0,0.0,0.0,0.0,False,False,True,2.4790375198483465,0.2302130125617891,143.888241950693,10556.494496007002,88052.07954494067,5218908868.146196,-1.5425114701808105,0,(110),True
canonical_single_crack_theta__weakt__T1300K__theta15__rate1x__seed2014720,weak-T,1300.0,15.0,2014720,1.1309731670002388e-05,19.1694381409513,1694950.7468683608,1.212759309474342e-05,20.5972722539333,1698380.8817646576,-1.4278341129820014,-1.3876375202063034,-0.0401965927756976,-3.8163916471489756e-16,False,False,True,2.063760557180816,0.2713295627984038,51.08816639308853,7688.65171462178,86393.89859663008,4416786443.323247,-1.0266778194903234,0,(110),True
canonical_single_crack_theta__weakt__T1300K__theta30__rate1x__seed2014720,weak-T,1300.0,30.0,2014720,9.428559847931462e-06,15.955313605026433,1692232.3093199518,1.212759309474342e-05,20.5972722539333,1698380.8817646576,-4.6419586489068685,-4.575688864908273,-0.06626978399859687,1.8041124150158794e-15,False,False,True,1.3088004105072175,0.5022495729801871,6.3254938956368925,2249.04237592969,101419.07567901631,2329204272.234455,-0.217827229878007,0,(110),True
canonical_strain_rate__weakt__T1300K__theta45__rate1x__seed2014720,weak-T,1300.0,45.0,2014720,8.355781972688285e-06,14.191300354607566,1698380.8817646585,1.212759309474342e-05,20.5972722539333,1698380.8817646576,-6.405971899325735,-6.4059718993257455,9.538314802307497e-15,1.1198262340940057e-15,False,False,True,1.001559972351599,5.590075862958379,0.6219293976790073,13.332953988489372,863816.132576795,133955992.64643288,-0.0007395069710192,0,(110),True
