state,authoritative_owner,snapshot_scope,rollback_scope
candidate_sites,VoidRegistry,full,full
cavities,VoidRegistry,full,full
birth_stabilization_healing_clocks,FirstPassageState,full,full
rng_threshold_state,FirstPassageState,full,full
explicit_geometry,ExplicitHoleMesh,full,full
component_lineage,Cavity,full,full
length_accounting,LengthLedger,full,full
sharp_front_and_tip_radius,existing_sharp_front_transaction,delegated,delegated
fatigue_state,existing_v10_2_30_checkpoint,outside_V1,outside_V1
