outer_radius_m,q_gradient_element_count,excluded_p0_elements,active_angular_bins_of_24,active_element_count,K_I_Pa_sqrt_m,K_II_Pa_sqrt_m,h_tip_m,kappa,conforming_KI_relative_error,ADJACENT_INTACT_ELEMENT_STRESS_RMS_DIAGNOSTIC,killed_energy_fraction,git_sha
0.0006,1940,34,24,1906,7274110.167732401,-3.575717581307251e-07,2.5e-05,0.0001,0.3387638983922132,1.94450490352508,4.4606553889963595e-07,9386e7d76fcb98bcae17851a3a9a3a19b03f4888
0.0008,2592,46,24,2546,8372907.502586766,-4.2276806606062336e-07,2.5e-05,0.0001,0.2391506303541973,1.94450490352508,4.4606553889963595e-07,9386e7d76fcb98bcae17851a3a9a3a19b03f4888
0.001,3348,58,24,3290,9343693.160265842,-4.783437942006054e-07,2.5e-05,0.0001,0.1511554834425042,1.94450490352508,4.4606553889963595e-07,9386e7d76fcb98bcae17851a3a9a3a19b03f4888
0.0006,1940,34,24,1906,7273421.540015318,-5.199216697758952e-07,2.5e-05,1e-06,0.3388264964965315,1.944791065754085,4.462856758805823e-09,9386e7d76fcb98bcae17851a3a9a3a19b03f4888
0.0008,2592,46,24,2546,8372102.209754978,-6.119988024426514e-07,2.5e-05,1e-06,0.23922380762783335,1.944791065754085,4.462856758805823e-09,9386e7d76fcb98bcae17851a3a9a3a19b03f4888
0.001,3348,58,24,3290,9342785.939811425,-6.788032449272696e-07,2.5e-05,1e-06,0.15123790150727068,1.944791065754085,4.462856758805823e-09,9386e7d76fcb98bcae17851a3a9a3a19b03f4888
0.0006,1940,34,24,1906,7273414.653815499,5.673936605742304e-07,2.5e-05,1e-08,0.3388271224705433,1.9447939282539433,4.462878781963888e-11,9386e7d76fcb98bcae17851a3a9a3a19b03f4888
0.0008,2592,46,24,2546,8372094.156885882,6.29481646464627e-07,2.5e-05,1e-08,0.23922453939518823,1.9447939282539433,4.462878781963888e-11,9386e7d76fcb98bcae17851a3a9a3a19b03f4888
0.001,3348,58,24,3290,9342776.867652526,6.797954798866659e-07,2.5e-05,1e-08,0.15123872568377164,1.9447939282539433,4.462878781963888e-11,9386e7d76fcb98bcae17851a3a9a3a19b03f4888
0.0006,6546,68,24,6478,7243861.48474261,-9.527268090185149e-07,1.25e-05,0.0001,0.3419171144644307,1.9801920607833112,2.297023858093584e-07,9386e7d76fcb98bcae17851a3a9a3a19b03f4888
0.0008,8150,90,24,8060,8351732.846320021,-9.561821651396216e-07,1.25e-05,0.0001,0.2415571484973713,1.9801920607833112,2.297023858093584e-07,9386e7d76fcb98bcae17851a3a9a3a19b03f4888
0.001,9646,114,24,9532,9329480.876573421,-8.722338238426812e-07,1.25e-05,0.0001,0.15299537546700692,1.9801920607833112,2.297023858093584e-07,9386e7d76fcb98bcae17851a3a9a3a19b03f4888
0.0006,6546,68,24,6478,7243159.7599138655,2.070923686767389e-06,1.25e-05,1e-06,0.34198086404069256,1.980493296319761,2.2981728586409452e-09,9386e7d76fcb98bcae17851a3a9a3a19b03f4888
0.0008,8150,90,24,8060,8350917.655777922,2.3012177367080806e-06,1.25e-05,1e-06,0.24163117809705373,1.980493296319761,2.2981728586409452e-09,9386e7d76fcb98bcae17851a3a9a3a19b03f4888
0.001,9646,114,24,9532,9328566.062159102,2.490284333414135e-06,1.25e-05,1e-06,0.15307842961007967,1.980493296319761,2.2981728586409452e-09,9386e7d76fcb98bcae17851a3a9a3a19b03f4888
0.0006,6546,68,24,6478,7243152.742696601,-1.3369547169058729e-06,1.25e-05,1e-08,0.3419815015336368,1.9804963096052364,2.298184353606976e-11,9386e7d76fcb98bcae17851a3a9a3a19b03f4888
0.0008,8150,90,24,8060,8350909.503893387,-1.4533199403087173e-06,1.25e-05,1e-08,0.2416319183911539,1.9804963096052364,2.298184353606976e-11,9386e7d76fcb98bcae17851a3a9a3a19b03f4888
0.001,9646,114,24,9532,9328556.914028004,-1.5724094910126648e-06,1.25e-05,1e-08,0.1530792601503261,1.9804963096052364,2.298184353606976e-11,9386e7d76fcb98bcae17851a3a9a3a19b03f4888
0.0006,23948,136,24,23812,7228905.94077261,1.692815757360066e-05,6.25e-06,0.0001,0.343487051006375,2.0004479398571955,1.1675781337979042e-07,9386e7d76fcb98bcae17851a3a9a3a19b03f4888
0.0008,28150,180,24,27970,8341300.927731512,1.9668431453440424e-05,6.25e-06,0.0001,0.24275691054812287,2.0004479398571955,1.1675781337979042e-07,9386e7d76fcb98bcae17851a3a9a3a19b03f4888
0.001,31648,226,24,31422,9322485.228952222,2.2275726569049882e-05,6.25e-06,0.0001,0.15391580491004994,2.0004479398571955,1.1675781337979042e-07,9386e7d76fcb98bcae17851a3a9a3a19b03f4888
0.0006,23948,136,24,23812,7228197.887924884,1.528257034869587e-05,6.25e-06,1e-06,0.34355135477058385,2.0007578297184336,1.1681668369035322e-09,9386e7d76fcb98bcae17851a3a9a3a19b03f4888
0.0008,28150,180,24,27970,8340480.915172105,1.7058779254860856e-05,6.25e-06,1e-06,0.24283135323389274,2.0007578297184336,1.1681668369035322e-09,9386e7d76fcb98bcae17851a3a9a3a19b03f4888
0.001,31648,226,24,31422,9321566.697517944,1.8449324418714626e-05,6.25e-06,1e-06,0.1539991684027398,2.0007578297184336,1.1681668369035322e-09,9386e7d76fcb98bcae17851a3a9a3a19b03f4888
0.0006,23948,136,24,23812,7228190.807410943,-8.970013055120426e-06,6.25e-06,1e-08,0.3435519978069058,2.0007609295839615,1.1681727264885772e-11,9386e7d76fcb98bcae17851a3a9a3a19b03f4888
0.0008,28150,180,24,27970,8340472.715056219,-1.0409372222826141e-05,6.25e-06,1e-08,0.2428320976598691,2.0007609295839615,1.1681727264885772e-11,9386e7d76fcb98bcae17851a3a9a3a19b03f4888
0.001,31648,226,24,31422,9321557.512209758,-1.1487637895035866e-05,6.25e-06,1e-08,0.15400000203710795,2.0007609295839615,1.1681727264885772e-11,9386e7d76fcb98bcae17851a3a9a3a19b03f4888
