case_id,matrix,material_class,candidate_id,temperature_K,theta_deg,rate_tag,loading_rate_factor,seed,is_orientation_matrix_case,is_rate_matrix_case,target_extension_um,achieved_extension_um,target_status,numerical_event_count,physical_avalanche_count,largest_avalanche_extension_um,largest_avalanche_fraction,initial_onset_native_KJ_MPa_sqrt_m,final_reinitiation_native_KJ_MPa_sqrt_m,delta_K_reinit_MPa_sqrt_m,maximum_tip_radius_um,minimum_front_width_um,maximum_mobile_count,maximum_retained_count,maximum_backstress_GPa,maximum_absolute_shielding_MPa_sqrt_m,steps_sha256
canonical_theta0_shared__peak__T0300K__theta0__rate1x__seed3621,CANONICAL_ORIENTATION_AND_RATE_SHARED,Peak,v913_zeroD_sobol_0242980,300.0,0.0,rate1x,1.0,3621,True,True,1000.0,1000.0106212350875,TARGET_REACHED,207,1,1000.0106212350875,1.0,23.650909281245745,nan,nan,1.0000000000000409,9.999999999851898,1.4298949619708758e-10,6.2990659463777095e-18,6.54048764298025e-07,9.194272107657722e-23,7b088321e91e2c6308bb9c6cb3a31e5eb010c48441b09dad29b25b597f8914af
canonical_theta0_shared__peak__T0600K__theta0__rate1x__seed4630,CANONICAL_ORIENTATION_AND_RATE_SHARED,Peak,v913_zeroD_sobol_0242980,600.0,0.0,rate1x,1.0,4630,True,True,1000.0,1009.3183059364883,TARGET_REACHED,194,1,1009.3183059364883,1.0,22.543110037165572,nan,nan,1.0029244375858393,5.6619874569886415,9.276475430718204,1.77034625200585e-05,0.17495403309235308,2.5540431828625825e-10,2a88f6a5f05a28c956fcdcc50515e3778d8154fd1a3d5b42aa3449e00156bedb
canonical_theta0_shared__peak__T0800K__theta0__rate1x__seed5639,CANONICAL_ORIENTATION_AND_RATE_SHARED,Peak,v913_zeroD_sobol_0242980,800.0,0.0,rate1x,1.0,5639,True,True,1000.0,1016.7419830836919,TARGET_REACHED,196,1,1016.7419830836919,1.0,41.18783496692729,nan,nan,1.2495396094481512,0.7412364785750358,707.341128160786,9.702256356535607,1.616857520505004,0.0010667981392939478,4e2a982a180e5cce6411ba56f12cc98efc1580ea427ae13f52dd9272c58dead8
canonical_theta0_shared__peak__T0900K__theta0__rate1x__seed6648,CANONICAL_ORIENTATION_AND_RATE_SHARED,Peak,v913_zeroD_sobol_0242980,900.0,0.0,rate1x,1.0,6648,True,True,1000.0,1000.1763831336864,TARGET_REACHED,180,1,1000.1763831336864,1.0,56.38624527458679,nan,nan,1.0006270420320282,8.291819607404339,0.27670250161760834,2.605059956326718,0.0810151566029962,0.00017402844546798954,bc747df31c8f781e420c4efc05c4e2cb673c3a8b1dfb220c525806cb2754d500
canonical_theta0_shared__peak__T0950K__theta0__rate1x__seed7657,CANONICAL_ORIENTATION_AND_RATE_SHARED,Peak,v913_zeroD_sobol_0242980,950.0,0.0,rate1x,1.0,7657,True,True,1000.0,1000.8893838023652,TARGET_REACHED,214,1,1000.8893838023652,1.0,55.70689292188094,nan,nan,1.001395111164711,7.051546174324297,0.49115484292273726,5.822820388248822,0.11868548885644824,0.0004211709463582591,7436a99e7ba21d2be15cb1173968145f1eb689b75f3379ae0ae436e4a0ad2574
canonical_theta0_shared__peak__T1000K__theta0__rate1x__seed8666,CANONICAL_ORIENTATION_AND_RATE_SHARED,Peak,v913_zeroD_sobol_0242980,1000.0,0.0,rate1x,1.0,8666,True,True,1000.0,1006.6612608237136,TARGET_REACHED,208,1,1006.6612608237136,1.0,53.878171773275795,nan,nan,4.7430019717402265,0.19109788862102023,12345.075003491253,1019.1617815471049,6.287667586743905,0.11215581292262,5a1ffce0dba3b301500bb3d8d0ffbccd9ea4c77690f4579360fee981d9823c91
canonical_theta0_shared__peak__T1050K__theta0__rate1x__seed9675,CANONICAL_ORIENTATION_AND_RATE_SHARED,Peak,v913_zeroD_sobol_0242980,1050.0,0.0,rate1x,1.0,9675,True,True,1000.0,1000.203110835197,TARGET_REACHED,225,1,1000.203110835197,1.0,53.5175623892751,nan,nan,6.961763106680891,0.15144960347962544,17970.145021744785,6605.2791004523915,7.934266652212224,0.7274706563078205,78f9f04b57a0d46ca91d86c6bf66d9c291abbf5ca584f8180a39d538dc47c98a
canonical_theta0_shared__peak__T1100K__theta0__rate1x__seed10684,CANONICAL_ORIENTATION_AND_RATE_SHARED,Peak,v913_zeroD_sobol_0242980,1100.0,0.0,rate1x,1.0,10684,True,True,1000.0,1016.280231244603,TARGET_REACHED,196,1,1016.280231244603,1.0,52.7038352528844,nan,nan,6.793419256141974,0.1534012845829054,15691.310112895473,8234.167671451289,7.833297904917056,0.9090386085173793,5ba9b714a191e183af5168afe402ddde4ed1aa7aa7d02a9d2c01d0c688691272
canonical_theta0_shared__peak__T1150K__theta0__rate1x__seed11693,CANONICAL_ORIENTATION_AND_RATE_SHARED,Peak,v913_zeroD_sobol_0242980,1150.0,0.0,rate1x,1.0,11693,True,True,1000.0,1012.3916445221486,TARGET_REACHED,211,1,1012.3916445221487,1.0000000000000002,51.55784259763339,nan,nan,6.8247342383923595,0.15252584091345728,14928.561438723042,9545.390431326698,7.878267889631803,1.0632817510364736,cb08e061e2ab481d9378c25f9cad53aab71c27c5c947e27bd75c66996b2a9f66
canonical_theta0_shared__peak__T1200K__theta0__rate1x__seed12702,CANONICAL_ORIENTATION_AND_RATE_SHARED,Peak,v913_zeroD_sobol_0242980,1200.0,0.0,rate1x,1.0,12702,True,True,1000.0,1005.2877647058981,TARGET_REACHED,183,1,1005.2877647058981,1.0,49.08883842937306,nan,nan,6.5336143365947885,0.1562662241099012,13677.021217688802,9819.799790934485,7.689649510286986,1.1160043318162765,f7a51b7d99e56253ef84183a1890636d4d6ff274c116cf0d09056efc1794ee8a
canonical_theta0_shared__peak__T1250K__theta0__rate1x__seed13711,CANONICAL_ORIENTATION_AND_RATE_SHARED,Peak,v913_zeroD_sobol_0242980,1250.0,0.0,rate1x,1.0,13711,True,True,1000.0,1001.0997928055303,TARGET_REACHED,209,1,1001.0997928055303,1.0,50.17545419312196,nan,nan,6.76037085406546,0.15464341443707777,11782.44452467781,11968.838577330975,7.770363388658796,1.4133732694867587,029ed66a0364f35d3e3ef6f615fa8be4dda8ecf7ba80a9b221da1821c1854815
canonical_theta0_shared__peak__T1300K__theta0__rate1x__seed14720,CANONICAL_ORIENTATION_AND_RATE_SHARED,Peak,v913_zeroD_sobol_0242980,1300.0,0.0,rate1x,1.0,14720,True,True,1000.0,1000.5888159289698,TARGET_REACHED,174,1,1000.5888159289698,1.0,48.695710097214224,nan,nan,6.5436319170815045,0.15714914372173067,9477.42150947532,13487.070345328411,7.646435750507956,1.6576185776795502,1dd0cc363ca80a619cb167dbc8f2a5a4b3ef233d7eefcae93da1937fc20fc4cd
canonical_theta0_shared__dbtt__T0300K__theta0__rate1x__seed1003621,CANONICAL_ORIENTATION_AND_RATE_SHARED,DBTT,v913_zeroD_sobol_0202500,300.0,0.0,rate1x,1.0,1003621,True,True,1000.0,1006.9175877122445,TARGET_REACHED,204,2,955.1435721244351,0.9485816751841211,23.35655128646154,23.4074457560292,0.050894469567662526,1.0000000000000002,9.9999999999996,3.662309824890186e-13,1.764858253435444e-13,3.3925696212800323e-08,1.9465675255278595e-17,173a2d4e2d1c599c954ce4cd2ad5f0bbe043e4a46023d148893167a6a61b2c66
canonical_theta0_shared__dbtt__T0600K__theta0__rate1x__seed1004630,CANONICAL_ORIENTATION_AND_RATE_SHARED,DBTT,v913_zeroD_sobol_0202500,600.0,0.0,rate1x,1.0,1004630,True,True,1000.0,1002.9838218043412,TARGET_REACHED,190,2,949.7307910322467,0.94690539407077,23.289064764188225,23.325893114500133,0.03682835031190734,1.0000000000028535,9.99999999062974,7.816732427902251e-24,8.759055328509473e-09,5.2024403323950025e-06,1.186618476376988e-12,89a08f402484b43b09f20190fcfe9399a3bcf53e7030bf0484f27704863202d0
canonical_theta0_shared__dbtt__T0800K__theta0__rate1x__seed1005639,CANONICAL_ORIENTATION_AND_RATE_SHARED,DBTT,v913_zeroD_sobol_0202500,800.0,0.0,rate1x,1.0,1005639,True,True,1000.0,1010.7901267417702,TARGET_REACHED,230,1,1010.7901267417702,1.0,22.717486597919788,nan,nan,1.0000000040205292,9.999986634842575,5.533562807448657e-20,1.2400818006472632e-05,0.00019647833766267702,1.67864730105264e-09,6430d82a50a08ced3b8bdfb212e80ce33cee27f3e3c5ae7dd9a4ba33379950d1
canonical_theta0_shared__dbtt__T0900K__theta0__rate1x__seed1006648,CANONICAL_ORIENTATION_AND_RATE_SHARED,DBTT,v913_zeroD_sobol_0202500,900.0,0.0,rate1x,1.0,1006648,True,True,1000.0,1001.587574199563,TARGET_REACHED,197,1,1001.587574199563,1.0,22.386138004544712,nan,nan,1.0000132139951496,9.95636079038162,1.7836860460863225e-14,0.042794946059762626,0.011263845139789832,5.938203416072252e-06,1af1d6bea15911159d190f26dc117430fc36623e460ba8d0fe03e386576ae46c
canonical_theta0_shared__dbtt__T0950K__theta0__rate1x__seed1007657,CANONICAL_ORIENTATION_AND_RATE_SHARED,DBTT,v913_zeroD_sobol_0202500,950.0,0.0,rate1x,1.0,1007657,True,True,1000.0,1000.7010524480751,TARGET_REACHED,204,2,952.8188410232702,0.9521513330003324,21.745013863763774,22.32405299450018,0.5790391307364082,1.0327087060767872,2.0967382975775455,2.3090418466163505e-11,102.4884418039511,0.5604146447111352,0.013900845642971988,6e44560f4fe7a379f01cf630b92ea037abda069e1adddcfd2b823ab41ddea92f
canonical_theta0_shared__dbtt__T1000K__theta0__rate1x__seed1008666,CANONICAL_ORIENTATION_AND_RATE_SHARED,DBTT,v913_zeroD_sobol_0202500,1000.0,0.0,rate1x,1.0,1008666,True,True,1000.0,1001.089783124754,TARGET_REACHED,208,2,950.960436241558,0.949925223762923,56.18816031654793,46.90583067841581,-9.282329638132119,12.265767391761809,0.11553916011781244,0.0006439361450021078,42578.46732420039,10.386794878276033,3.7315373573793638,f0c46388d806c68669e1292adcfc9eadfe82ed3d1fe7a2f28ce0cbf70f11117a
canonical_theta0_shared__dbtt__T1050K__theta0__rate1x__seed1009675,CANONICAL_ORIENTATION_AND_RATE_SHARED,DBTT,v913_zeroD_sobol_0202500,1050.0,0.0,rate1x,1.0,1009675,True,True,1000.0,1001.6035727935886,TARGET_REACHED,212,1,1001.6035727935886,1.0,55.293635866795796,nan,nan,13.949351689917929,0.10776788309586503,1.9615526981611437e-08,48912.587205703894,11.144390658762408,3.8890431399710614,7db33349328d28d48cc31cd6b90c4951f46b97f7584fb6756429ebe5c3e2ee75
canonical_theta0_shared__dbtt__T1100K__theta0__rate1x__seed1010684,CANONICAL_ORIENTATION_AND_RATE_SHARED,DBTT,v913_zeroD_sobol_0202500,1100.0,0.0,rate1x,1.0,1010684,True,True,1000.0,1002.9830165158419,TARGET_REACHED,191,1,1002.9830165158419,1.0,55.59396565090605,nan,nan,11.65623560109835,0.11879715256089415,1.6551211958545e-08,41703.25516379013,10.108199354245537,3.8701677782755444,253363ff573b24227433369eb8ee56670502f206ac43cf32d3432b0f7032f5d5
canonical_theta0_shared__dbtt__T1150K__theta0__rate1x__seed1011693,CANONICAL_ORIENTATION_AND_RATE_SHARED,DBTT,v913_zeroD_sobol_0202500,1150.0,0.0,rate1x,1.0,1011693,True,True,1000.0,1004.5737824777509,TARGET_REACHED,193,2,953.5286272032686,0.9491872511856909,54.65228577238534,51.037146843919714,-3.615138928465626,14.208206108160024,0.10670676178098513,1.9672370401458344e-08,50056.455385022615,11.261719150583113,3.8101200228029444,003dcebb27e93e7213f2d87ce82ffa1850b4eba3ffd662aa4d62f22aaefa62e8
canonical_theta0_shared__dbtt__T1200K__theta0__rate1x__seed1012702,CANONICAL_ORIENTATION_AND_RATE_SHARED,DBTT,v913_zeroD_sobol_0202500,1200.0,0.0,rate1x,1.0,1012702,True,True,1000.0,1007.6578665257346,TARGET_REACHED,189,2,950.0037793860895,0.9427840648548417,54.06167032034489,50.693836069284785,-3.3678342510601027,12.036288673888519,0.11673402696645134,1.6306330510365773e-08,41854.57884104295,10.294326705267846,3.6693554976111202,74af0ce56003016334d28602ff1dc3629f812a08de6471fb142b9b45e4602ae3
canonical_theta0_shared__dbtt__T1250K__theta0__rate1x__seed1013711,CANONICAL_ORIENTATION_AND_RATE_SHARED,DBTT,v913_zeroD_sobol_0202500,1250.0,0.0,rate1x,1.0,1013711,True,True,1000.0,1004.6916856759267,TARGET_REACHED,183,2,803.3382121984697,0.7995868022516854,53.932676721396966,49.24751374163282,-4.685162979764144,12.841110656644794,0.1126976304669654,1.7778802432065438e-08,46004.07853540886,10.660464788695867,3.7304502551502092,e83c73f9e9c2cdd8571cd9ee0055d13b3c8b117215d97923b595775985992b68
canonical_theta0_shared__dbtt__T1300K__theta0__rate1x__seed1014720,CANONICAL_ORIENTATION_AND_RATE_SHARED,DBTT,v913_zeroD_sobol_0202500,1300.0,0.0,rate1x,1.0,1014720,True,True,1000.0,1005.2904670500016,TARGET_REACHED,193,2,888.979114775542,0.8843007507911896,50.479281935779376,55.863007670939545,5.383725735160169,14.74879770089454,0.10458814745636877,2.0737843444685835e-08,54061.938777928684,11.480746245746312,3.565677222931685,119ee6903e433012798056f471052e4d050308653a50ea97821fdf21cb8e32d4
canonical_theta0_shared__weakt__T0300K__theta0__rate1x__seed2003621,CANONICAL_ORIENTATION_AND_RATE_SHARED,weak-T,oneD_v2_focused_weak_T_0016,300.0,0.0,rate1x,1.0,2003621,True,True,1000.0,1008.105548644824,TARGET_REACHED,211,1,1008.105548644824,1.0,22.494416102340733,nan,nan,1.8826456830454834,0.29823785699898364,1318.4322845851207,6231.502773819535,4.013809873759352,0.9028085981449301,887cce47b03fa112c52acbeb328d1ff783b87080c17f1c3e2105adb76c5de87c
canonical_theta0_shared__weakt__T0600K__theta0__rate1x__seed2004630,CANONICAL_ORIENTATION_AND_RATE_SHARED,weak-T,oneD_v2_focused_weak_T_0016,600.0,0.0,rate1x,1.0,2004630,True,True,1000.0,1001.9421998619965,TARGET_REACHED,184,3,947.7565412311833,0.9459193767482031,23.47416107130131,20.70681201802166,-2.7673490532796485,2.61844733855677,0.22033180525431753,399.20345878927515,11928.103796753474,5.39155652931113,1.6577303053176797,61e40f92dbd02e28da2249d26bb29e4b152f9f99b71ca9895439bb6c3c6b3893
canonical_theta0_shared__weakt__T0800K__theta0__rate1x__seed2005639,CANONICAL_ORIENTATION_AND_RATE_SHARED,weak-T,oneD_v2_focused_weak_T_0016,800.0,0.0,rate1x,1.0,2005639,True,True,1000.0,1000.442302150884,TARGET_REACHED,191,2,952.3340918744713,0.951913058681162,23.38428039617443,20.40608653340731,-2.9781938627671174,3.0735503699478093,0.19466685146016374,79.8679632169318,15241.533055035688,6.16872047119076,1.1786779920147914,ff0d14f07d4319eb45c0eea6322eb28d188d690e1570aa709fd75fca53671988
canonical_theta0_shared__weakt__T0900K__theta0__rate1x__seed2006648,CANONICAL_ORIENTATION_AND_RATE_SHARED,weak-T,oneD_v2_focused_weak_T_0016,900.0,0.0,rate1x,1.0,2006648,True,True,1000.0,1000.9297499446932,TARGET_REACHED,188,1,1000.9297499446932,1.0,23.34278973847732,nan,nan,2.5383922574730704,0.2259890782745288,51.37225642577331,11326.654614589967,5.3164702996992075,1.2660157187923344,5997c8e4b26944f6b5b12c4da084d6144bd37f2f69258b6e28e532f21f6a22c5
canonical_theta0_shared__weakt__T0950K__theta0__rate1x__seed2007657,CANONICAL_ORIENTATION_AND_RATE_SHARED,weak-T,oneD_v2_focused_weak_T_0016,950.0,0.0,rate1x,1.0,2007657,True,True,1000.0,1008.8811281050896,TARGET_REACHED,210,1,1008.8811281050896,1.0,22.605496920713904,nan,nan,2.6073968486774466,0.22108750404196345,225.8057920230079,11577.671649354574,5.434373897991375,1.692827563070444,23ea65bed8359b18b5892b167f8b321e78bae9eb7ebc236940c5c85b1a68f627
canonical_theta0_shared__weakt__T1000K__theta0__rate1x__seed2008666,CANONICAL_ORIENTATION_AND_RATE_SHARED,weak-T,oneD_v2_focused_weak_T_0016,1000.0,0.0,rate1x,1.0,2008666,True,True,1000.0,1001.9561718961675,TARGET_REACHED,177,1,1001.9561718961675,1.0,23.777332344705204,nan,nan,2.678671161549735,0.21634529080420645,46.27550539055859,12122.91665701299,5.552618670723042,1.2978702279421912,ea6bc6b1a5647a55c966ef27217058d3fbcdc8504b509c899361aefa53ffa5ab
canonical_theta0_shared__weakt__T1050K__theta0__rate1x__seed2009675,CANONICAL_ORIENTATION_AND_RATE_SHARED,weak-T,oneD_v2_focused_weak_T_0016,1050.0,0.0,rate1x,1.0,2009675,True,True,1000.0,1001.5659258994483,TARGET_REACHED,201,1,1001.5659258994483,1.0,23.437656168352262,nan,nan,2.9971164109259627,0.19835574234794917,2687.0580391221492,14811.551368799888,6.056691684947273,1.391103990662001,d1f187a11711d06fb7298f4f3e99ce9066a7e0abf928dd2ad11e2cba37f0837c
canonical_theta0_shared__weakt__T1100K__theta0__rate1x__seed2010684,CANONICAL_ORIENTATION_AND_RATE_SHARED,weak-T,oneD_v2_focused_weak_T_0016,1100.0,0.0,rate1x,1.0,2010684,True,True,1000.0,1001.8000994403504,TARGET_REACHED,209,2,888.5445618864446,0.8869479673468037,22.986024668312858,19.582619248364242,-3.4034054199486157,3.223220725889243,0.1880026045201784,69.61267676308435,16201.8411086364,6.390345834956118,2.0686426763351826,65b667d80c207c10990e393b4c88c86a4654839960071f58dd7038f759fffc57
canonical_theta0_shared__weakt__T1150K__theta0__rate1x__seed2011693,CANONICAL_ORIENTATION_AND_RATE_SHARED,weak-T,oneD_v2_focused_weak_T_0016,1150.0,0.0,rate1x,1.0,2011693,True,True,1000.0,1002.1890521598219,TARGET_REACHED,238,1,1002.1890521598219,1.0,22.573104379398465,nan,nan,2.712374238095837,0.2142066349823944,150.84671468936574,12403.28013810876,5.608982967347132,1.8208617350541083,a175d981cf0ecb8f323bc1d023e485474bb040e545d0b64079dd56e2f4962847
canonical_theta0_shared__weakt__T1200K__theta0__rate1x__seed2012702,CANONICAL_ORIENTATION_AND_RATE_SHARED,weak-T,oneD_v2_focused_weak_T_0016,1200.0,0.0,rate1x,1.0,2012702,True,True,1000.0,1004.7262696617743,TARGET_REACHED,205,1,1004.7262696617743,1.0,21.446414284020445,nan,nan,2.65570347283909,0.21783321832323266,305.7583636383006,11894.520954035179,5.515659628124897,1.7491437459621368,cf46c1cae9739d2d6347e8773fcbc9764cc2d9bd19382aa4c03653181ee47e74
canonical_theta0_shared__weakt__T1250K__theta0__rate1x__seed2013711,CANONICAL_ORIENTATION_AND_RATE_SHARED,weak-T,oneD_v2_focused_weak_T_0016,1250.0,0.0,rate1x,1.0,2013711,True,True,1000.0,1006.4409864253365,TARGET_REACHED,199,1,1006.4409864253365,1.0,21.130362944831294,nan,nan,2.7384042775529456,0.21259760245563614,165.47335346238097,12597.065177009335,5.6468705300424125,1.8529657068531675,619a0751cc9ac8362b045ecc82421693f943d157c581ce59f9ca4fc63d071962
canonical_theta0_shared__weakt__T1300K__theta0__rate1x__seed2014720,CANONICAL_ORIENTATION_AND_RATE_SHARED,weak-T,oneD_v2_focused_weak_T_0016,1300.0,0.0,rate1x,1.0,2014720,True,True,1000.0,1003.0598700725584,TARGET_REACHED,193,2,952.7237987943035,0.9498174807106841,20.5972722539333,18.031992827110255,-2.5652794268230465,3.1891305510260244,0.18946026086366338,604.8439676951061,15896.136793958864,6.342018246278927,2.3378815333841585,8474d4bbfe06b58c9b04842836afcb2151aa7cb5dadc3c08d95c18d1206a7ae8
canonical_theta0_shared__ceramiclike__T0300K__theta0__rate1x__seed3003621,CANONICAL_ORIENTATION_AND_RATE_SHARED,ceramic-like,oneD_v2_focused_ceramic_like_0018,300.0,0.0,rate1x,1.0,3003621,True,True,1000.0,1002.6378376880789,TARGET_REACHED,196,1,1002.6378376880789,1.0,15.394954127787303,nan,nan,1.0,10.0,2.458934321584463e-25,3.225892775267668e-51,2.191784448804318e-14,4.6303290250623265e-56,84bd892a8ed09e269ef85b4e392f3f4a1f61ac66a4e7b96e2799717852b51dd1
canonical_theta0_shared__ceramiclike__T0600K__theta0__rate1x__seed3004630,CANONICAL_ORIENTATION_AND_RATE_SHARED,ceramic-like,oneD_v2_focused_ceramic_like_0018,600.0,0.0,rate1x,1.0,3004630,True,True,1000.0,1001.8668692381,TARGET_REACHED,208,2,947.8540914910933,0.9460878691516346,16.10271904548941,15.670014614842767,-0.4327044306466412,1.0000121300929645,9.754134705991746,0.28221424514555205,1.3380868156628292e-16,0.027152194942163095,1.9535585004525664e-21,c2897c7e58e9a0ee7033fb9f58d4d55c0691edba8f94bf7afc16d362ff0af5fa
canonical_theta0_shared__ceramiclike__T0800K__theta0__rate1x__seed3005639,CANONICAL_ORIENTATION_AND_RATE_SHARED,ceramic-like,oneD_v2_focused_ceramic_like_0018,800.0,0.0,rate1x,1.0,3005639,True,True,1000.0,1000.7423932256517,TARGET_REACHED,206,1,1000.7423932256517,1.0,16.614296770291954,nan,nan,1.1462888796886088,0.4027032211990253,2842.3071209300224,1.1503319237747065e-08,2.9818593435091687,7.467744447223426e-13,69e3a5df87633348059031b0e078de2057fb27158f63e85e46a746f270b679d8
canonical_theta0_shared__ceramiclike__T0900K__theta0__rate1x__seed3006648,CANONICAL_ORIENTATION_AND_RATE_SHARED,ceramic-like,oneD_v2_focused_ceramic_like_0018,900.0,0.0,rate1x,1.0,3006648,True,True,1000.0,1003.4306165087715,TARGET_REACHED,210,1,1003.4306165087715,1.0,17.438204914111978,nan,nan,1.5196126663447997,0.21379820234328348,12395.410653406732,1.5483993536372931e-06,5.619806799415262,1.676968930259145e-10,20df0e33154a64373a3eadea47302806ed6416baaf0c2b1e031c8e896ac53f33
canonical_theta0_shared__ceramiclike__T0950K__theta0__rate1x__seed3007657,CANONICAL_ORIENTATION_AND_RATE_SHARED,ceramic-like,oneD_v2_focused_ceramic_like_0018,950.0,0.0,rate1x,1.0,3007657,True,True,1000.0,1000.2533157009816,TARGET_REACHED,209,1,1000.2533157009816,1.0,16.896701874233397,nan,nan,1.527715122945829,0.2121512855443513,12635.849384284349,1.91423460437139e-05,5.663453344771257,2.7729850594455886e-10,13f05e2525ce7e239f7bb8fdd5356b1f6e7454fd3a47c73b7994922c507b1c9b
canonical_theta0_shared__ceramiclike__T1000K__theta0__rate1x__seed3008666,CANONICAL_ORIENTATION_AND_RATE_SHARED,ceramic-like,oneD_v2_focused_ceramic_like_0018,1000.0,0.0,rate1x,1.0,3008666,True,True,1000.0,1010.1085907349245,TARGET_REACHED,195,1,1010.1085907349245,1.0,16.577439955824065,nan,nan,1.4737658561584361,0.22389914215173856,11694.917353503817,5.012351277862651e-05,5.366157076161209,4.2820013630034185e-09,a52943cb7b76f004138804ff5adfe8c513a902064231587cfac7182e3f6b64b2
canonical_theta0_shared__ceramiclike__T1050K__theta0__rate1x__seed3009675,CANONICAL_ORIENTATION_AND_RATE_SHARED,ceramic-like,oneD_v2_focused_ceramic_like_0018,1050.0,0.0,rate1x,1.0,3009675,True,True,1000.0,1003.0767248066406,TARGET_REACHED,219,2,525.6336141332242,0.5240213446628907,15.68988177667727,14.488226738938785,-1.201655037738485,1.4601283303359336,0.22719124712153715,11222.825491200078,0.00813914838705361,5.288360543649592,1.1821469435106425e-07,af966f367e49d3c0ec0d7572faddcce98e4107964f81064a317fdabfa27708c6
canonical_theta0_shared__ceramiclike__T1100K__theta0__rate1x__seed3010684,CANONICAL_ORIENTATION_AND_RATE_SHARED,ceramic-like,oneD_v2_focused_ceramic_like_0018,1100.0,0.0,rate1x,1.0,3010684,True,True,1000.0,1002.030472146554,TARGET_REACHED,218,2,950.3021581235921,0.9483765060436243,14.794241034679452,14.469726805941622,-0.3245142287378293,1.410173121933932,0.2406211694249586,10257.21160283906,0.0024850203183616943,4.993039880709954,2.7369073194602025e-07,6a23bff2de8cda0690a9bddf56a8ac4b9a76a898d5f73a1185915600d30efcca
canonical_theta0_shared__ceramiclike__T1150K__theta0__rate1x__seed3011693,CANONICAL_ORIENTATION_AND_RATE_SHARED,ceramic-like,oneD_v2_focused_ceramic_like_0018,1150.0,0.0,rate1x,1.0,3011693,True,True,1000.0,1009.4547698375651,TARGET_REACHED,204,1,1009.4547698375651,1.0,14.476225600187846,nan,nan,1.421034998439965,0.23749888594515417,10243.762946425046,0.00010077557334867734,5.05871783036241,1.1105804355035215e-08,1c2852ccc8eb90a8d2a202ae84a770ea5e980d49e8dce33231b335cbe41a0b94
canonical_theta0_shared__ceramiclike__T1200K__theta0__rate1x__seed3012702,CANONICAL_ORIENTATION_AND_RATE_SHARED,ceramic-like,oneD_v2_focused_ceramic_like_0018,1200.0,0.0,rate1x,1.0,3012702,True,True,1000.0,1000.70747857274,TARGET_REACHED,209,1,1000.70747857274,1.0,14.138681760025957,nan,nan,1.414410194347714,0.23938862075990386,9914.517809474404,0.00021821582996115607,5.018679681479344,2.4269764719763778e-08,07ab8898e990dad834882f58f21168d82ba4a6b1be4f961ce0b42a5d5c189b3e
canonical_theta0_shared__ceramiclike__T1250K__theta0__rate1x__seed3013711,CANONICAL_ORIENTATION_AND_RATE_SHARED,ceramic-like,oneD_v2_focused_ceramic_like_0018,1250.0,0.0,rate1x,1.0,3013711,True,True,1000.0,1005.9012672632243,TARGET_REACHED,203,1,1005.9012672632243,1.0,13.745788687732558,nan,nan,1.6243562459380874,0.19504927292641602,14966.117324477782,0.00048419487485669796,6.156831999358663,5.3968297222861836e-08,86fcc32fba68323872b37015c64541adf609bbd731fdbd8298a21ada07c3729c
canonical_theta0_shared__ceramiclike__T1300K__theta0__rate1x__seed3014720,CANONICAL_ORIENTATION_AND_RATE_SHARED,ceramic-like,oneD_v2_focused_ceramic_like_0018,1300.0,0.0,rate1x,1.0,3014720,True,True,1000.0,1008.4362634012981,TARGET_REACHED,212,2,957.6964308855307,0.9496846411050017,13.074507768751278,12.699746358238295,-0.37476141051298306,1.8648398513797713,0.16573555702002865,21073.066048257057,0.0013959816859948578,7.250175539479005,1.5619624594992182e-07,8efc5cd79b56766e77d6f9d9a51a2e0ab6ce225835288c483282a6d72c820a1c
canonical_single_crack_theta__peak__T0300K__theta15__rate1x__seed3621,CANONICAL_SINGLE_CRACK_THETA,Peak,v913_zeroD_sobol_0242980,300.0,15.0,rate1x,1.0,3621,True,False,1000.0,1003.7451056673675,TARGET_REACHED,220,2,962.8410744395737,0.9592485871195381,23.66103487757109,23.620487083674817,-0.040547793896273276,1.000000000000011,9.999999999959226,3.8988487413151395e-11,4.836207035321962e-15,3.352221837351048e-07,6.306587694370009e-20,d251e40b82f51b55c418af653873ec0c056bbc5bdd65755a43ccb962a6874d86
canonical_single_crack_theta__peak__T0600K__theta15__rate1x__seed4630,CANONICAL_SINGLE_CRACK_THETA,Peak,v913_zeroD_sobol_0242980,600.0,15.0,rate1x,1.0,4630,True,False,1000.0,1005.6305469396782,TARGET_REACHED,210,1,1005.6305469396782,1.0,22.49576943184996,nan,nan,1.001937921023925,6.449051311011653,6.129897879448394,1.2289531977431067e-05,0.14183609496308033,1.5749429663449552e-10,4b867d2eb46497362d0741a937640aac7475cb699e058b3c4c9ead7a87fbd05d
canonical_single_crack_theta__peak__T0800K__theta15__rate1x__seed5639,CANONICAL_SINGLE_CRACK_THETA,Peak,v913_zeroD_sobol_0242980,800.0,15.0,rate1x,1.0,5639,True,False,1000.0,1001.2559773986825,TARGET_REACHED,205,1,1001.2559773986826,1.0000000000000002,36.391033280047694,nan,nan,1.1746412416959326,0.8849580663107418,501.22578115339,1.0441359350348263,1.3515736022207676,9.392400993574671e-05,c5e4a6947775989a44c86d1efcb2a63082319de7c2642e92ba2859956125219e
canonical_single_crack_theta__peak__T0900K__theta15__rate1x__seed6648,CANONICAL_SINGLE_CRACK_THETA,Peak,v913_zeroD_sobol_0242980,900.0,15.0,rate1x,1.0,6648,True,False,1000.0,1005.946124239687,TARGET_REACHED,195,1,1005.946124239687,1.0,48.21480178412183,nan,nan,1.0003903108108492,8.829048705154129,0.08496755831743037,1.607173584727615,0.05258881387668323,2.506115584084743e-05,73675e48d818dd74d8d4f7470c92ac8b5570747c4d1df4d8cecd0b9c0088a39b
canonical_single_crack_theta__peak__T0950K__theta15__rate1x__seed7657,CANONICAL_SINGLE_CRACK_THETA,Peak,v913_zeroD_sobol_0242980,950.0,15.0,rate1x,1.0,7657,True,False,1000.0,1001.7195836391921,TARGET_REACHED,232,1,1001.7195836391921,1.0,47.79761106168791,nan,nan,1.0008368745502212,7.890917248428164,0.13068606060192836,3.4828050991912187,0.0788592450654549,0.000118299885462121,2395fc210e00c6beea045f4cf62ab89a8105d24d6d89244989601c5b18e4f58e
canonical_single_crack_theta__peak__T1000K__theta15__rate1x__seed8666,CANONICAL_SINGLE_CRACK_THETA,Peak,v913_zeroD_sobol_0242980,1000.0,15.0,rate1x,1.0,8666,True,False,1000.0,1000.9836655914506,TARGET_REACHED,220,1,1000.9836655914506,1.0,46.2820803734702,nan,nan,3.919053158648145,0.21646236247155576,9686.51646472569,1043.292693621404,5.539477462872967,0.09433691962635707,342769c79853a13ea8ef4e5788febd33ba4fcceb65e02f4319dd37a8fd868def
canonical_single_crack_theta__peak__T1050K__theta15__rate1x__seed9675,CANONICAL_SINGLE_CRACK_THETA,Peak,v913_zeroD_sobol_0242980,1050.0,15.0,rate1x,1.0,9675,True,False,1000.0,1003.7242923552011,TARGET_REACHED,241,1,1003.7242923552011,1.0,46.07137892736903,nan,nan,5.170623905143723,0.18104100842501733,12550.09780223756,4755.469527217301,6.621795015800875,0.43065998886886575,d266a4f5bb8975f7f0e12be4fe8092c847abf7d0dd8c02f06dbae9dc91112686
canonical_single_crack_theta__peak__T1100K__theta15__rate1x__seed10684,CANONICAL_SINGLE_CRACK_THETA,Peak,v913_zeroD_sobol_0242980,1100.0,15.0,rate1x,1.0,10684,True,False,1000.0,1002.0473188476233,TARGET_REACHED,204,1,1002.0473188476233,1.0,45.510772597797626,nan,nan,5.118217681527131,0.18190601710183857,11185.610140084598,6001.860124257172,6.590435866066559,0.5456435884174095,1c13b10e183eda7b1b6a73119a6c97f0fb46fe0b1ea01252e82cf923afb77e14
canonical_single_crack_theta__peak__T1150K__theta15__rate1x__seed11693,CANONICAL_SINGLE_CRACK_THETA,Peak,v913_zeroD_sobol_0242980,1150.0,15.0,rate1x,1.0,11693,True,False,1000.0,1015.8218322703536,TARGET_REACHED,222,1,1015.8218322703536,1.0,44.60390667486616,nan,nan,5.0559352314918895,0.18270806180661375,10429.614405271739,6679.819860842448,6.560866180134152,0.6158856208008483,1a88a395aa17c8a294b6b12281a0e4a6390c05649223a8ebafb4650ec6abd5d9
canonical_single_crack_theta__peak__T1200K__theta15__rate1x__seed12702,CANONICAL_SINGLE_CRACK_THETA,Peak,v913_zeroD_sobol_0242980,1200.0,15.0,rate1x,1.0,12702,True,False,1000.0,1004.8604731190748,TARGET_REACHED,195,1,1004.8604731190748,1.0,42.54889743743791,nan,nan,5.2122580866131925,0.18057745464664246,9926.241643191288,7661.915695558979,6.654088979809378,0.7273461543530818,7e594c265a02bd0d69f952b980cb0432d3911629de3f27189eeec0d7c8a00fd8
canonical_single_crack_theta__peak__T1250K__theta15__rate1x__seed13711,CANONICAL_SINGLE_CRACK_THETA,Peak,v913_zeroD_sobol_0242980,1250.0,15.0,rate1x,1.0,13711,True,False,1000.0,1003.2117428086736,TARGET_REACHED,220,1,1003.2117428086736,1.0,43.56883738174592,nan,nan,4.99736394414609,0.1856182949830004,8058.687602960708,8435.891808086317,6.457550787137365,0.8480614361312538,a933b1ab1ae095af3c2bc7982e4b6c9e8331ff8e65e33f1c2018e3559a5f7704
canonical_single_crack_theta__peak__T1300K__theta15__rate1x__seed14720,CANONICAL_SINGLE_CRACK_THETA,Peak,v913_zeroD_sobol_0242980,1300.0,15.0,rate1x,1.0,14720,True,False,1000.0,1005.2519409906023,TARGET_REACHED,183,1,1005.2519409906023,1.0,42.39962163931468,nan,nan,4.866940252629527,0.18810257125004548,6431.410641889603,9626.15891353013,6.372236123511551,1.022522901748125,7dcda8f8b708511a80ab1919dcc73702ea885c25fa4d47f695cf1f9056a4c270
canonical_single_crack_theta__dbtt__T0300K__theta15__rate1x__seed1003621,CANONICAL_SINGLE_CRACK_THETA,DBTT,v913_zeroD_sobol_0202500,300.0,15.0,rate1x,1.0,1003621,True,False,1000.0,1000.2250193673718,TARGET_REACHED,217,1,1000.2250193673718,1.0,23.359857302114374,nan,nan,1.0,9.999999999999904,8.948809076946535e-14,4.234873225050174e-14,1.608590710912079e-08,3.913167460323226e-18,b7214e7bb64c1d76de1a8e9444ba5e875c8d860236de9261944350bbe97327fe
canonical_single_crack_theta__dbtt__T0600K__theta15__rate1x__seed1004630,CANONICAL_SINGLE_CRACK_THETA,DBTT,v913_zeroD_sobol_0202500,600.0,15.0,rate1x,1.0,1004630,True,False,1000.0,1001.1288295901035,TARGET_REACHED,206,2,983.48286116623,0.9823739284072976,23.284808941402805,23.430540146162457,0.1457312047596524,1.0000000000005722,9.999999998126663,1.7896120662374773e-21,1.7483690338424558e-09,2.22834452041401e-06,2.0974992900833246e-13,93c5e9bf032230373e2e7f1eb01c9e4cc7385b022d29318c01478ba66a6de368
canonical_single_crack_theta__dbtt__T0800K__theta15__rate1x__seed1005639,CANONICAL_SINGLE_CRACK_THETA,DBTT,v913_zeroD_sobol_0202500,800.0,15.0,rate1x,1.0,1005639,True,False,1000.0,1009.0197019764963,TARGET_REACHED,243,3,928.3840904631744,0.9200851962004601,22.720960808501076,22.54864786884425,-0.1723129396568268,1.0000000005904932,9.99999803706628,1.3532800206777025e-19,1.8056888929192627e-06,7.077787969515752e-05,2.1628043322495085e-10,f3ed52e3df39b6e9997b666c9532e754b097f41c0a358cefd3603cd862f4dbaa
canonical_single_crack_theta__dbtt__T0900K__theta15__rate1x__seed1006648,CANONICAL_SINGLE_CRACK_THETA,DBTT,v913_zeroD_sobol_0202500,900.0,15.0,rate1x,1.0,1006648,True,False,1000.0,1001.9233566944492,TARGET_REACHED,221,1,1001.9233566944492,1.0,22.386027216329037,nan,nan,1.0000014997630329,9.995018147738122,1.0339942945370058e-16,0.0048293100732227316,0.0034977949399033334,5.958038078912748e-07,6ef9745157a01381b21ab0b6536b75ccc69e7f78c8e7e09eb8c7028a83765133
canonical_single_crack_theta__dbtt__T0950K__theta15__rate1x__seed1007657,CANONICAL_SINGLE_CRACK_THETA,DBTT,v913_zeroD_sobol_0202500,950.0,15.0,rate1x,1.0,1007657,True,False,1000.0,1002.1581815204553,TARGET_REACHED,222,2,940.0427519199837,0.938018338076898,21.32367312102817,21.847359268038534,0.5236861470103662,1.0083574192296996,3.9054100338013993,9.808154288752515e-12,26.63251419294676,0.26548097850185903,0.00323995520753096,317688e5df8455d2523902f3d483c58654f7cc8db355262cba5ea875795b4545
canonical_single_crack_theta__dbtt__T1000K__theta15__rate1x__seed1008666,CANONICAL_SINGLE_CRACK_THETA,DBTT,v913_zeroD_sobol_0202500,1000.0,15.0,rate1x,1.0,1008666,True,False,1000.0,1001.4038533661404,TARGET_REACHED,227,2,804.7393908062803,0.8036112384640942,49.20246159283379,50.818904410410504,1.6164428175767114,10.568068416048314,0.12536962212120575,1.4704482966348806e-08,36243.862235254055,9.454847617328284,2.492633814308602,e32eab8d54050fd65d673d89cad2420e9a1aaaf6612168df55221a468b3d9da2
canonical_single_crack_theta__dbtt__T1050K__theta15__rate1x__seed1009675,CANONICAL_SINGLE_CRACK_THETA,DBTT,v913_zeroD_sobol_0202500,1050.0,15.0,rate1x,1.0,1009675,True,False,1000.0,1002.5328191472743,TARGET_REACHED,223,2,943.5725615794527,0.9411887008168256,48.60288631206638,48.23780190608249,-0.36508440598389313,13.849453629577622,0.1081859438127573,1.952366801789055e-08,48687.626821824255,10.738533027653503,2.5400248513786017,ff457800b4e93ee7b167174d38da6a553b7913fed9f1793251f610dd14ff1eba
canonical_single_crack_theta__dbtt__T1100K__theta15__rate1x__seed1010684,CANONICAL_SINGLE_CRACK_THETA,DBTT,v913_zeroD_sobol_0202500,1100.0,15.0,rate1x,1.0,1010684,True,False,1000.0,1004.5571097644186,TARGET_REACHED,208,3,633.3335458101766,0.6304604682542154,48.83790488930821,64.2986997276694,15.460794838361188,12.732199531882333,0.11321944676201633,10.075010253269893,44717.77995716414,10.399378928452272,2.6015904564133785,4a1de03fb9cef99b5651fdbe0f714c01c3677d94f92a9b16ac79377cbce7e4d0
canonical_single_crack_theta__dbtt__T1150K__theta15__rate1x__seed1011693,CANONICAL_SINGLE_CRACK_THETA,DBTT,v913_zeroD_sobol_0202500,1150.0,15.0,rate1x,1.0,1011693,True,False,1000.0,1000.1516711978492,TARGET_REACHED,206,3,813.2138437364339,0.813090521323105,48.01185603792833,52.806108443686355,4.794252405758023,14.345132616564895,0.1061579848668918,1.9958406485273225e-08,50781.045527478454,11.164614016086592,2.736347348405565,cc2a09c0003a32b3e8fee687dfdfa03001f77c73d526223b602f211aa0b47e43
canonical_single_crack_theta__dbtt__T1200K__theta15__rate1x__seed1012702,CANONICAL_SINGLE_CRACK_THETA,DBTT,v913_zeroD_sobol_0202500,1200.0,15.0,rate1x,1.0,1012702,True,False,1000.0,1004.3857229308812,TARGET_REACHED,204,4,712.0956305143305,0.7089862134204538,47.53642738773855,56.87851343695798,9.342086049219432,13.719654401856596,0.10873647595552316,1.86239503841725e-08,47809.99275354078,10.831962691066911,2.450735572955333,b3d12c00a500f58b1c7d5c3890f4ccafa3a417c9fb25d8d4c2a0396d49150fe0
canonical_single_crack_theta__dbtt__T1250K__theta15__rate1x__seed1013711,CANONICAL_SINGLE_CRACK_THETA,DBTT,v913_zeroD_sobol_0202500,1250.0,15.0,rate1x,1.0,1013711,True,False,1000.0,1001.5468928467063,TARGET_REACHED,198,4,759.109793631233,0.7579373457728054,47.41969225917703,57.484134098163715,10.064441838986681,12.772980528285977,0.11302320858753188,1.7204229155052355e-08,44519.63612442224,10.53368136883679,2.5612966431389492,28f645e92b766ef71b3ecfde2f24a63774bc6731557264e0b025883ca0fdd7ce
canonical_single_crack_theta__dbtt__T1300K__theta15__rate1x__seed1014720,CANONICAL_SINGLE_CRACK_THETA,DBTT,v913_zeroD_sobol_0202500,1300.0,15.0,rate1x,1.0,1014720,True,False,1000.0,1003.3011606148665,TARGET_REACHED,197,3,686.2685025608703,0.6840104741235375,44.46970855617848,60.5050885464007,16.035379990222218,12.017501721029204,0.11683349794898566,1.609373612313211e-08,41956.6680148727,10.099170052502839,4.144640908312014,f9fc9329ecf51875e4d48e13101b5a77e9ab99e155c65bdabc2ddeda4bf05bb6
canonical_single_crack_theta__weakt__T0300K__theta15__rate1x__seed2003621,CANONICAL_SINGLE_CRACK_THETA,weak-T,oneD_v2_focused_weak_T_0016,300.0,15.0,rate1x,1.0,2003621,True,False,1000.0,1006.5526481594983,TARGET_REACHED,227,4,552.1398495527847,0.5485454243872722,20.507787476901576,21.227961402751234,0.7201739258496573,2.4749249347450197,0.23076375265200505,4871.403757599002,10545.6247756128,4.721851812859656,1.360681550130345,40dbfa9b326e863e0140342ff714af6f16b4da56e5b6082f9fc4aa4d2fccf069
canonical_single_crack_theta__weakt__T0600K__theta15__rate1x__seed2004630,CANONICAL_SINGLE_CRACK_THETA,weak-T,oneD_v2_focused_weak_T_0016,600.0,15.0,rate1x,1.0,2004630,True,False,1000.0,1001.3823823288534,TARGET_REACHED,196,1,1001.3823823288534,1.0,21.322114250773474,nan,nan,2.193132675739062,0.2565928407577152,93.44782226030082,8542.655139713552,4.259111978239326,0.9831952554642241,d998142a066772f565dc1ccdd03af1f8a34f2e041f81c47f09821313684ef5ca
canonical_single_crack_theta__weakt__T0800K__theta15__rate1x__seed2005639,CANONICAL_SINGLE_CRACK_THETA,weak-T,oneD_v2_focused_weak_T_0016,800.0,15.0,rate1x,1.0,2005639,True,False,1000.0,1001.8600839219055,TARGET_REACHED,204,1,1001.8600839219055,1.0,21.43120654037195,nan,nan,2.3229698406531063,0.24368453279076427,46.13047510451028,9581.81417052113,4.764469374204027,1.1217260842385657,72378f920b16deca2bb917a98e62fc360cda73310a102aa2c157236b434ce2c6
canonical_single_crack_theta__weakt__T0900K__theta15__rate1x__seed2006648,CANONICAL_SINGLE_CRACK_THETA,weak-T,oneD_v2_focused_weak_T_0016,900.0,15.0,rate1x,1.0,2006648,True,False,1000.0,1013.2848760783452,TARGET_REACHED,200,1,1013.2848760783452,1.0,21.532203365947847,nan,nan,2.5683176176116462,0.2238237194663861,26.33514917539108,11297.6535505265,5.142824390145494,1.0298877267994457,c994289ab9d35570457188899be44e52554ebdd4d2c5aa7b1e0316fa9747fcf4
canonical_single_crack_theta__weakt__T0950K__theta15__rate1x__seed2007657,CANONICAL_SINGLE_CRACK_THETA,weak-T,oneD_v2_focused_weak_T_0016,950.0,15.0,rate1x,1.0,2007657,True,False,1000.0,1001.8298696454004,TARGET_REACHED,229,2,826.3059407702873,0.8247966703795324,20.974739040964085,18.40673495784772,-2.5680040831163637,2.8758416957308675,0.20466465698211944,164.91069154666536,13544.188988135995,5.621986252196919,1.2546023346887005,83e766c9f67b4e3e376217feab3e3039068a7ce05a6c7460f2373bb5bd832089
canonical_single_crack_theta__weakt__T1000K__theta15__rate1x__seed2008666,CANONICAL_SINGLE_CRACK_THETA,weak-T,oneD_v2_focused_weak_T_0016,1000.0,15.0,rate1x,1.0,2008666,True,False,1000.0,1009.9695964733096,TARGET_REACHED,183,1,1009.9695964733097,1.0000000000000002,21.868495490411828,nan,nan,2.736593490743642,0.21270836370430043,3.159720549872126,12759.281982300889,5.277007399850004,0.7312029793182151,dbc6d64ab2b618240444d9144a6d44920b62fc1560ea9954d25e2954e25c79f0
canonical_single_crack_theta__weakt__T1050K__theta15__rate1x__seed2009675,CANONICAL_SINGLE_CRACK_THETA,weak-T,oneD_v2_focused_weak_T_0016,1050.0,15.0,rate1x,1.0,2009675,True,False,1000.0,1001.9702366401563,TARGET_REACHED,223,1,1001.9702366401563,1.0,21.695369559915,nan,nan,2.574116661931786,0.22341125721193877,1677.3186946114815,11579.65599628705,5.117522225595591,0.7870812387653554,fab28916b34d357f18871f375154bc97a736845161de85ad50411e4c5a22df42
canonical_single_crack_theta__weakt__T1100K__theta15__rate1x__seed2010684,CANONICAL_SINGLE_CRACK_THETA,weak-T,oneD_v2_focused_weak_T_0016,1100.0,15.0,rate1x,1.0,2010684,True,False,1000.0,1003.6003780055482,TARGET_REACHED,227,2,984.0790586973527,0.9805487126788551,21.27905884287181,20.04565396024768,-1.2334048826241286,3.0249528997163817,0.19698818529899378,36.82416933207762,14714.287148594005,5.916520965526755,1.1944348970603462,30a105d510194a0c6bf2e3971c528c293a4b7af62920e0eabbd387824b83e964
canonical_single_crack_theta__weakt__T1150K__theta15__rate1x__seed2011693,CANONICAL_SINGLE_CRACK_THETA,weak-T,oneD_v2_focused_weak_T_0016,1150.0,15.0,rate1x,1.0,2011693,True,False,1000.0,1001.3630775153413,TARGET_REACHED,255,2,943.7569621605546,0.9424722993604644,20.935691579435176,18.542341573879362,-2.3933500055558135,3.129857563799624,0.19207750794197356,32.05675939487421,15502.215423661954,6.1386281018983775,2.0741368395326534,cf04e5621515810f7ce5ee8305e177501cf95a66e529fec22d8d07038436345c
canonical_single_crack_theta__weakt__T1200K__theta15__rate1x__seed2012702,CANONICAL_SINGLE_CRACK_THETA,weak-T,oneD_v2_focused_weak_T_0016,1200.0,15.0,rate1x,1.0,2012702,True,False,1000.0,1001.4058688558637,TARGET_REACHED,220,1,1001.4058688558637,1.0,19.92791995775698,nan,nan,2.8849433015118846,0.20417014535723227,184.84685368392186,13725.961527344203,5.343667293814269,1.8589420644487684,59bb1063ef6f6d887738aa2c440796cbd91f60557dcf2bb109666a2f312c8542
canonical_single_crack_theta__weakt__T1250K__theta15__rate1x__seed2013711,CANONICAL_SINGLE_CRACK_THETA,weak-T,oneD_v2_focused_weak_T_0016,1250.0,15.0,rate1x,1.0,2013711,True,False,1000.0,1008.4353728367023,TARGET_REACHED,209,1,1008.4353728367023,1.0,19.64873778513321,nan,nan,2.5106793083376484,0.22805143995891056,69.87801928696486,10892.376220453463,5.105208622584948,1.466606182084299,5f9c1146289078ab4406a44b141aeaf3540e9d371be9b2ffcc2079b1e27ecaed
canonical_single_crack_theta__weakt__T1300K__theta15__rate1x__seed2014720,CANONICAL_SINGLE_CRACK_THETA,weak-T,oneD_v2_focused_weak_T_0016,1300.0,15.0,rate1x,1.0,2014720,True,False,1000.0,1004.4218665901867,TARGET_REACHED,206,2,599.1260376733702,0.5964884453454646,19.1694381409513,16.572193492915332,-2.597244648035968,2.796712609173936,0.20912099218709532,198.9552525578303,13250.96011030235,5.583621002225293,1.7839957511826638,16d73e048020220311e74137f984a24d79cc66201da476008e71586d3d735510
canonical_single_crack_theta__ceramiclike__T0300K__theta15__rate1x__seed3003621,CANONICAL_SINGLE_CRACK_THETA,ceramic-like,oneD_v2_focused_ceramic_like_0018,300.0,15.0,rate1x,1.0,3003621,True,False,1000.0,1002.2757963977626,TARGET_REACHED,206,2,782.2488151798763,0.7804726184063547,15.387705163220295,14.82383529461521,-0.5638698686050851,1.0,10.0,4.7620108052282715e-22,2.5852320013569856e-39,7.7189861894962e-13,3.3836098813394797e-44,4135fbad6d920d25051ee03ac448c66f8b8619ee379fecd0f4050dd5ccc17180
canonical_single_crack_theta__ceramiclike__T0600K__theta15__rate1x__seed3004630,CANONICAL_SINGLE_CRACK_THETA,ceramic-like,oneD_v2_focused_ceramic_like_0018,600.0,15.0,rate1x,1.0,3004630,True,False,1000.0,1001.6097602596433,TARGET_REACHED,227,3,934.221007054486,0.9327195521859847,16.097098066216173,15.701794783864583,-0.3953032823515894,1.0000069780387677,9.856325989728239,0.15284549379297419,1.0041884377530914e-11,0.0179336447383579,1.2804974673392744e-16,713b06118398d17880bd29432d0d33bdc061b876afff33bb46b751f4fc0dc354
canonical_single_crack_theta__ceramiclike__T0800K__theta15__rate1x__seed3005639,CANONICAL_SINGLE_CRACK_THETA,ceramic-like,oneD_v2_focused_ceramic_like_0018,800.0,15.0,rate1x,1.0,3005639,True,False,1000.0,1009.055383866528,TARGET_REACHED,219,2,924.8528471204687,0.9165531069033995,16.0079791062647,15.224119748400248,-0.7838593578644506,1.1025108454957981,0.48090081996347545,1998.7625325718677,9.228014051733175e-08,2.4903652896643975,7.715334041166965e-12,c89ea8b50d5bdb71b69edf20d9c13842bf7c26aa305593a3ecd7395d72707c0d
canonical_single_crack_theta__ceramiclike__T0900K__theta15__rate1x__seed3006648,CANONICAL_SINGLE_CRACK_THETA,ceramic-like,oneD_v2_focused_ceramic_like_0018,900.0,15.0,rate1x,1.0,3006648,True,False,1000.0,1010.5892164029807,TARGET_REACHED,224,1,1010.5892164029807,1.0,16.489519466155908,nan,nan,1.3565318180544634,0.25807704091852846,8517.962033115195,1.0776471479191424e-05,4.644021856239533,1.369681312202686e-10,def8751281a1a6cb467ee87551f53c1f5d65e6cb9123c4ceb94b7c543869dcff
canonical_single_crack_theta__ceramiclike__T0950K__theta15__rate1x__seed3007657,CANONICAL_SINGLE_CRACK_THETA,ceramic-like,oneD_v2_focused_ceramic_like_0018,950.0,15.0,rate1x,1.0,3007657,True,False,1000.0,1006.829658672949,TARGET_REACHED,226,3,938.1885667766041,0.9318245233391146,15.995981960794476,15.442087124248207,-0.5538948365462684,1.3616285241452657,0.25625315211894445,8769.596805476896,0.0008733166131804366,4.688265701861397,1.1138571258620538e-08,7e10623e86499f43fd6ad6e066a3909fada74803ba81a243d6addf53e8f11eaa
canonical_single_crack_theta__ceramiclike__T1000K__theta15__rate1x__seed3008666,CANONICAL_SINGLE_CRACK_THETA,ceramic-like,oneD_v2_focused_ceramic_like_0018,1000.0,15.0,rate1x,1.0,3008666,True,False,1000.0,1003.6685135059466,TARGET_REACHED,199,2,916.155483854188,0.9128068396346678,15.71901873559621,14.331228758220831,-1.3877899773753786,1.3358089690624773,0.2659153739020834,8074.175849087187,0.009847402062583123,4.512741686216463,1.2496605886496012e-07,300b658091ae4556c10483c322dcd4964232aba22f8993f2c1e9d5087402b993
canonical_single_crack_theta__ceramiclike__T1050K__theta15__rate1x__seed3009675,CANONICAL_SINGLE_CRACK_THETA,ceramic-like,oneD_v2_focused_ceramic_like_0018,1050.0,15.0,rate1x,1.0,3009675,True,False,1000.0,1000.2626681319618,TARGET_REACHED,239,2,789.2633736407845,0.7890561137453739,14.920364793861348,13.606314468632155,-1.3140503252291929,1.335537368548411,0.26602289851573485,8168.07271243319,0.010657072962110995,4.509587655368539,1.3299265941244267e-07,4f54220a91c9649181c4b5f2043d53ac34587a4b8c81270bca45d945a4820bb0
canonical_single_crack_theta__ceramiclike__T1100K__theta15__rate1x__seed3010684,CANONICAL_SINGLE_CRACK_THETA,ceramic-like,oneD_v2_focused_ceramic_like_0018,1100.0,15.0,rate1x,1.0,3010684,True,False,1000.0,1002.3398550873712,TARGET_REACHED,227,1,1002.3398550873712,1.0,14.095726555636732,nan,nan,1.3069312737822096,0.2781343163459833,7360.047250578794,0.00013684370796199688,4.317789499831273,1.2081539129321962e-08,eee16dc5b925376c555b97203e6c056385dc92613f11bf1dccce4052e83ff108
canonical_single_crack_theta__ceramiclike__T1150K__theta15__rate1x__seed3011693,CANONICAL_SINGLE_CRACK_THETA,ceramic-like,oneD_v2_focused_ceramic_like_0018,1150.0,15.0,rate1x,1.0,3011693,True,False,1000.0,1005.7274894950802,TARGET_REACHED,218,1,1005.7274894950802,1.0,13.82693121739109,nan,nan,1.2873181072458117,0.2874631507728362,7095.699411334957,0.00017875795081161226,4.178893041220877,1.596064059645652e-08,a21de955fab89777042e4d96023f7efa1c9371701242e3d2e012bd0ddd539ea2
canonical_single_crack_theta__ceramiclike__T1200K__theta15__rate1x__seed3012702,CANONICAL_SINGLE_CRACK_THETA,ceramic-like,oneD_v2_focused_ceramic_like_0018,1200.0,15.0,rate1x,1.0,3012702,True,False,1000.0,1006.5982915301794,TARGET_REACHED,224,2,953.6923405575906,0.9474408496241694,13.53213351471321,12.483695647789164,-1.048437866924047,1.4674018351257883,0.22541749526465032,11166.584281582836,0.0016287788341292032,5.250452641237193,1.44065194244957e-07,b933b352acf02a282a56812c0799c63bd3e14cdb5c08e6cd0381013178950a09
canonical_single_crack_theta__ceramiclike__T1250K__theta15__rate1x__seed3013711,CANONICAL_SINGLE_CRACK_THETA,ceramic-like,oneD_v2_focused_ceramic_like_0018,1250.0,15.0,rate1x,1.0,3013711,True,False,1000.0,1001.0167658246781,TARGET_REACHED,213,2,825.9415537297336,0.8251026175863194,13.163342371671648,12.834958867719482,-0.32838350395216587,1.712612136095556,0.18257621115892034,17040.471941213873,0.0012700214421114075,6.473807787462894,1.1162013201268856e-07,dbf0fa41b4c23012a103f71d2c97b503779e1a1c0e5ae7eea78faa23d6017fca
canonical_single_crack_theta__ceramiclike__T1300K__theta15__rate1x__seed3014720,CANONICAL_SINGLE_CRACK_THETA,ceramic-like,oneD_v2_focused_ceramic_like_0018,1300.0,15.0,rate1x,1.0,3014720,True,False,1000.0,1009.1489321732373,TARGET_REACHED,224,1,1009.1489321732373,1.0,12.556986525668789,nan,nan,1.75477887471072,0.17740463951421406,18101.016384223833,0.0009151872590587477,6.670159755866064,8.475467013398449e-08,6cbae2493f5a9939c4d2c88234aaadd442b787da3b4d0cdb07413a87277d68ed
canonical_single_crack_theta__peak__T0300K__theta30__rate1x__seed3621,CANONICAL_SINGLE_CRACK_THETA,Peak,v913_zeroD_sobol_0242980,300.0,30.0,rate1x,1.0,3621,True,False,1000.0,1008.9089300213544,TARGET_REACHED,223,1,1008.9089300213544,1.0,23.65505162783358,nan,nan,1.0000000000000007,9.999999999997511,2.3191551826509586e-12,5.5103391329622465e-17,8.14130889601133e-08,8.233043373574255e-22,2b176a2cf0d5c90b0fdfb7a482c09db1300a4c140367f8ab52454e65641d9519
canonical_single_crack_theta__peak__T0600K__theta30__rate1x__seed4630,CANONICAL_SINGLE_CRACK_THETA,Peak,v913_zeroD_sobol_0242980,600.0,30.0,rate1x,1.0,4630,True,False,1000.0,1001.8320398096025,TARGET_REACHED,207,1,1001.8320398096025,1.0,22.445226271896054,nan,nan,1.0007712035830352,8.009256932133821,2.3819018439535746,1.472373686981159e-05,0.08918838047411125,1.7042327127997448e-10,cec10f6778e95043a81284914af587bd7d850aee3c9d2f74a38ce5d8c8c29e7e
canonical_single_crack_theta__peak__T0800K__theta30__rate1x__seed5639,CANONICAL_SINGLE_CRACK_THETA,Peak,v913_zeroD_sobol_0242980,800.0,30.0,rate1x,1.0,5639,True,False,1000.0,1002.1193878419358,TARGET_REACHED,208,1,1002.1193878419357,0.9999999999999999,29.055305043710167,nan,nan,1.078069342412018,1.3172609030448534,224.21459139968383,0.051612788219568856,0.8982338122439679,9.580519630128411e-07,3f5e36bfed2e1a1a3754ff123002b0a30890002fe1553cda680c1704efad4e80
canonical_single_crack_theta__peak__T0900K__theta30__rate1x__seed6648,CANONICAL_SINGLE_CRACK_THETA,Peak,v913_zeroD_sobol_0242980,900.0,30.0,rate1x,1.0,6648,True,False,1000.0,1000.8722721933981,TARGET_REACHED,198,1,1000.8722721933981,1.0,30.96785126055513,nan,nan,1.000096617807816,9.667686212439623,0.0358949393790278,0.40211269999780946,0.024464952954881197,1.1703029969005257e-06,d04a789ad92eb91f75caddd375dbce3a07cc2ca966a6aab8239a8bda9e99acf0
canonical_single_crack_theta__peak__T0950K__theta30__rate1x__seed7657,CANONICAL_SINGLE_CRACK_THETA,Peak,v913_zeroD_sobol_0242980,950.0,30.0,rate1x,1.0,7657,True,False,1000.0,1000.9788085365418,TARGET_REACHED,233,2,935.3747306201608,0.93446007312353,30.798628029623142,30.196319058586173,-0.6023089710369689,1.4236723663767925,0.5655264237450138,1360.708867271248,89.25840853583848,1.9481420818629953,0.00174194750840166,819d19bfb5fef5569618c8e3b0a2a7f961d96bc6a3810d3ce0a9e1fdff9c1f10
canonical_single_crack_theta__peak__T1000K__theta30__rate1x__seed8666,CANONICAL_SINGLE_CRACK_THETA,Peak,v913_zeroD_sobol_0242980,1000.0,30.0,rate1x,1.0,8666,True,False,1000.0,1000.8848281502848,TARGET_REACHED,227,1,1000.8848281502848,1.0,30.043322797185404,nan,nan,2.0269848261929235,0.3649923680436326,3454.5986619897085,620.3729588144706,3.2207854417345785,0.027098447259251108,70d3e34aa7ed7301ffcdc6df40396bf8b86130027ed5c5c6db0f147ad8c50a7a
canonical_single_crack_theta__peak__T1050K__theta30__rate1x__seed9675,CANONICAL_SINGLE_CRACK_THETA,Peak,v913_zeroD_sobol_0242980,1050.0,30.0,rate1x,1.0,9675,True,False,1000.0,1011.3541651228741,TARGET_REACHED,247,1,1011.3541651228741,1.0,30.004619505273375,nan,nan,2.155270954931908,0.34360955572348567,3441.8225738739884,1374.5293635425678,3.4081193041279714,0.06046303317715212,2d66871b8a1fc8aa04fc43f75d8619f15b0d152bf8da498585a7d39e9c045c97
canonical_single_crack_theta__peak__T1100K__theta30__rate1x__seed10684,CANONICAL_SINGLE_CRACK_THETA,Peak,v913_zeroD_sobol_0242980,1100.0,30.0,rate1x,1.0,10684,True,False,1000.0,1006.5726594753233,TARGET_REACHED,211,1,1006.5726594753233,1.0,29.796125625339023,nan,nan,2.143592445959402,0.3446977182733043,3088.034082586042,1701.4356615505556,3.3975569486745893,0.07569923268597585,ab4a0b7e44f1570939b3530d7096a827c21de3083fa6ce2c145f4fdb393eb11c
canonical_single_crack_theta__peak__T1150K__theta30__rate1x__seed11693,CANONICAL_SINGLE_CRACK_THETA,Peak,v913_zeroD_sobol_0242980,1150.0,30.0,rate1x,1.0,11693,True,False,1000.0,1005.6742428471276,TARGET_REACHED,222,2,996.1734109166133,0.9905527739244699,29.295255423913503,32.043667928402854,2.7484125044893517,2.341862080674022,0.3203824685780974,3295.060246174824,2251.445547383374,3.745489590024503,0.09639500026916072,8ae839f225ec14a74051d40d9fc00c79128dfdd3411487e1d6e2f79f2599f247
canonical_single_crack_theta__peak__T1200K__theta30__rate1x__seed12702,CANONICAL_SINGLE_CRACK_THETA,Peak,v913_zeroD_sobol_0242980,1200.0,30.0,rate1x,1.0,12702,True,False,1000.0,1000.8702707868481,TARGET_REACHED,200,2,998.5899302998619,0.997721642301161,28.166223153446385,30.044745859240997,1.8785227057946123,2.275451047278747,0.3274686648390996,2914.6310250439537,2390.5864630878623,3.664519698195732,0.11379801914970844,1678e23f508071afb927ce4523efec63b75df5e87a75c4694dc9aae93b0f3ed3
canonical_single_crack_theta__peak__T1250K__theta30__rate1x__seed13711,CANONICAL_SINGLE_CRACK_THETA,Peak,v913_zeroD_sobol_0242980,1250.0,30.0,rate1x,1.0,13711,True,False,1000.0,1002.654774620004,TARGET_REACHED,222,1,1002.654774620004,1.0,28.794795376755697,nan,nan,2.1036086163018406,0.353033567510873,2194.5500801310623,2358.3598586107155,3.315803636891073,0.13336989277674158,f91782f575436a759b8008324ec79ba47f01a0a4bdb03045891d47288d596f95
canonical_single_crack_theta__peak__T1300K__theta30__rate1x__seed14720,CANONICAL_SINGLE_CRACK_THETA,Peak,v913_zeroD_sobol_0242980,1300.0,30.0,rate1x,1.0,14720,True,False,1000.0,1001.4168331118047,TARGET_REACHED,191,1,1001.4168331118047,1.0,28.268493445059505,nan,nan,2.0775856442694236,0.3557714202240029,1768.400001040396,2720.7081630408293,3.2902547761568024,0.17290746147020974,5bee0c26fa5ee12a52f0a5abcf8382c70e768c6ca4d64cc42aee5b7a411d6e88
canonical_single_crack_theta__dbtt__T0300K__theta30__rate1x__seed1003621,CANONICAL_SINGLE_CRACK_THETA,DBTT,v913_zeroD_sobol_0202500,300.0,30.0,rate1x,1.0,1003621,True,False,1000.0,1000.6942661553389,TARGET_REACHED,218,1,1000.6942661553389,1.0,23.361452945869978,nan,nan,1.0,9.999999999999996,1.7921303422324994e-15,1.3798588974366822e-15,2.118571552850319e-09,3.604284513324765e-20,ea7bb7069fd3ff0c90a85717e037734b3f7cffe1c19e52cf207dfcf4b8b53ce9
canonical_single_crack_theta__dbtt__T0600K__theta30__rate1x__seed1004630,CANONICAL_SINGLE_CRACK_THETA,DBTT,v913_zeroD_sobol_0202500,600.0,30.0,rate1x,1.0,1004630,True,False,1000.0,1004.2966427172034,TARGET_REACHED,207,1,1004.2966427172034,1.0,23.292302418660675,nan,nan,1.0000000000000058,9.999999999981528,1.240388641032053e-24,1.7059189426294638e-11,1.9350929341203123e-07,1.39597677810527e-15,3dd7c6d2ea6b0809451e265cd15fdb17c683b1321e15bcbb24c43ba2fa6a47a1
canonical_single_crack_theta__dbtt__T0800K__theta30__rate1x__seed1005639,CANONICAL_SINGLE_CRACK_THETA,DBTT,v913_zeroD_sobol_0202500,800.0,30.0,rate1x,1.0,1005639,True,False,1000.0,1000.0401777913186,TARGET_REACHED,247,2,941.4006529288857,0.9413628310495048,22.70562072909195,22.97141806582614,0.26579733673418815,1.0000000000026066,9.999999991334946,1.580158825839426e-21,9.484889134926447e-09,3.874767492021044e-06,8.062538896801843e-13,dff4fb4f0555d5c9a4fab5c4f2f4505a2a4fe34f54cdac07dc74c4815cbdd289
canonical_single_crack_theta__dbtt__T0900K__theta30__rate1x__seed1006648,CANONICAL_SINGLE_CRACK_THETA,DBTT,v913_zeroD_sobol_0202500,900.0,30.0,rate1x,1.0,1006648,True,False,1000.0,1002.3149105109609,TARGET_REACHED,218,1,1002.3149105109609,1.0,22.383056795860124,nan,nan,1.0000000065096442,9.999978360427535,2.3724384382909138e-18,2.4616872422014296e-05,0.00017701177406622798,5.205204274873887e-10,a4f09ea62dc7e6edbab183c78574ace3735e6501ac60328cfd67ad3fb59666b3
canonical_single_crack_theta__dbtt__T0950K__theta30__rate1x__seed1007657,CANONICAL_SINGLE_CRACK_THETA,DBTT,v913_zeroD_sobol_0202500,950.0,30.0,rate1x,1.0,1007657,True,False,1000.0,1005.9683457375719,TARGET_REACHED,224,1,1005.9683457375719,1.0,21.182603291793683,nan,nan,1.0000441189644933,9.856487392194754,2.2432582362789265e-14,0.16920563673200825,0.014599169638885369,6.7116416948407e-06,426b62d7dbcdba070652b67ce7f2d7e38dee60eecaebf792d58543a39b5e87fc
canonical_single_crack_theta__dbtt__T1000K__theta30__rate1x__seed1008666,CANONICAL_SINGLE_CRACK_THETA,DBTT,v913_zeroD_sobol_0202500,1000.0,30.0,rate1x,1.0,1008666,True,False,1000.0,1000.1423438411631,TARGET_REACHED,226,2,997.2329265606663,0.9970909967981929,32.41367430960434,34.46501314335957,2.0513388337552314,5.7120783389259815,0.17863355125079747,0.00589925977579112,18024.696075053856,6.194092215161252,1.0321834371081147,468bf10e108024d201b1baf8abef0fa1c91c257b0a6709bb0a2561f1919fb579
canonical_single_crack_theta__dbtt__T1050K__theta30__rate1x__seed1009675,CANONICAL_SINGLE_CRACK_THETA,DBTT,v913_zeroD_sobol_0202500,1050.0,30.0,rate1x,1.0,1009675,True,False,1000.0,1008.6868367059428,TARGET_REACHED,229,6,945.0812997089982,0.9369422355062544,32.44276254213709,37.94005481553012,5.497292273393029,6.933485241781665,0.1591947033573083,9.190273432521196e-09,22917.980875804948,7.146334881917761,0.9565083707286325,7a45754df6c6d1d5f7ee8e2c4394aa22bbeb44c212c9b7ef51568b8357115cd6
canonical_single_crack_theta__dbtt__T1100K__theta30__rate1x__seed1010684,CANONICAL_SINGLE_CRACK_THETA,DBTT,v913_zeroD_sobol_0202500,1100.0,30.0,rate1x,1.0,1010684,True,False,1000.0,1002.0178218876114,TARGET_REACHED,207,5,937.0017450547754,0.935114849843331,32.52524528565024,39.05318972983419,6.5279444441839445,7.533910163596239,0.15170574407411844,9.213720040472214,25350.67552539696,7.454676517386535,0.9097282964336497,3105fbdc6c69effb690f572a04f5188605a770c20412a9cb7e5da06ce4d631dc
canonical_single_crack_theta__dbtt__T1150K__theta30__rate1x__seed1011693,CANONICAL_SINGLE_CRACK_THETA,DBTT,v913_zeroD_sobol_0202500,1150.0,30.0,rate1x,1.0,1011693,True,False,1000.0,1007.6858579637026,TARGET_REACHED,204,6,940.0423562998607,0.9328724312946759,32.050443619420356,38.19195526905968,6.141511649639327,7.692178613135932,0.14990151580100383,1.0091298465217456e-08,25675.515439767383,7.629290051096298,0.8627865669089978,a4f0a128f09240e7f8250a6f9aaea5349db6f7e9916aea1b96ac75f85ce20faa
canonical_single_crack_theta__dbtt__T1200K__theta30__rate1x__seed1012702,CANONICAL_SINGLE_CRACK_THETA,DBTT,v913_zeroD_sobol_0202500,1200.0,30.0,rate1x,1.0,1012702,True,False,1000.0,1000.3510972114433,TARGET_REACHED,209,5,619.3795841733416,0.6191621980521744,31.736593937047644,48.86595560300332,17.129361665955678,8.930179979518124,0.13770695709336675,1.1824113245691546e-08,30350.584564657038,7.936811419401826,0.8099685704147072,b5089dad4e3d61e15abe3ab939b960f697aa89a1f39630d2bd42436d374a67e8
canonical_single_crack_theta__dbtt__T1250K__theta30__rate1x__seed1013711,CANONICAL_SINGLE_CRACK_THETA,DBTT,v913_zeroD_sobol_0202500,1250.0,30.0,rate1x,1.0,1013711,True,False,1000.0,1001.0190309521372,TARGET_REACHED,193,4,553.8885660749946,0.5533247110678341,31.589827696303754,40.73966483410821,9.149837137804457,8.267262236345465,0.14384945858682827,1.0765575099604191e-08,27852.410063551168,7.654500749953896,1.0516923303293377,d352ee489cc24304c5643fc88a9593dcd8c887407449aa39f5aefeaaf3fa86d5
canonical_single_crack_theta__dbtt__T1300K__theta30__rate1x__seed1014720,CANONICAL_SINGLE_CRACK_THETA,DBTT,v913_zeroD_sobol_0202500,1300.0,30.0,rate1x,1.0,1014720,True,False,1000.0,1004.6164246943046,TARGET_REACHED,199,4,905.6912514023954,0.9015294087770752,30.04603270391943,42.240928026305006,12.194895322385577,6.411522270369411,0.16669344200131672,7.940883507913985e-09,20700.828969357655,6.530703625681235,0.8373870570775463,b4876f0798157440bff8d90c751a8d7753134b6a1f23f719756e1324c1e354cc
canonical_single_crack_theta__weakt__T0300K__theta30__rate1x__seed2003621,CANONICAL_SINGLE_CRACK_THETA,weak-T,oneD_v2_focused_weak_T_0016,300.0,30.0,rate1x,1.0,2003621,True,False,1000.0,1013.8872969190295,TARGET_REACHED,227,1,1013.8872969190295,1.0,19.16725518779332,nan,nan,1.4775784421091067,0.405286490945425,1478.631045534386,3416.6840257630947,2.0951828860035597,0.28195220296067985,445a467c5286790b2c93923d4f1c675ed6a20cfff8b7eaf81d5e7b3ce4431735
canonical_single_crack_theta__weakt__T0600K__theta30__rate1x__seed2004630,CANONICAL_SINGLE_CRACK_THETA,weak-T,oneD_v2_focused_weak_T_0016,600.0,30.0,rate1x,1.0,2004630,True,False,1000.0,1009.4739177198257,TARGET_REACHED,195,1,1009.4739177198257,1.0,18.068293755773933,nan,nan,1.7066515268864308,0.33334032266817903,116.10010273607861,5135.523352794699,2.689283593854913,0.09968949643163895,1a94e4aad4d1bd6acab7add634d19d386f392f7353a855306562fe7b30abf4ec
canonical_single_crack_theta__weakt__T0800K__theta30__rate1x__seed2005639,CANONICAL_SINGLE_CRACK_THETA,weak-T,oneD_v2_focused_weak_T_0016,800.0,30.0,rate1x,1.0,2005639,True,False,1000.0,1001.9070878335657,TARGET_REACHED,211,2,740.0491978581185,0.7386405454604925,17.76503510146635,19.04274939528009,1.277714293813741,1.9157444715593235,0.29285891536640457,24.735164965917154,6638.468441741437,3.363010767165004,0.2773411666133057,cc62a43bf2d463f9fad4082d19467c4a654850c4ef7b41c3700e700d4d61b904
canonical_single_crack_theta__weakt__T0900K__theta30__rate1x__seed2006648,CANONICAL_SINGLE_CRACK_THETA,weak-T,oneD_v2_focused_weak_T_0016,900.0,30.0,rate1x,1.0,2006648,True,False,1000.0,1001.2130117357432,TARGET_REACHED,202,1,1001.2130117357432,1.0,18.00336762211223,nan,nan,1.9170451132474553,0.29265133919046005,9.91907540891109,6714.2489522087735,3.278326652811512,0.49951243533643,fe692d518cda421a06ce3a0eb66a000be95ebd9ca6fd0249859d9a0f63b78f49
canonical_single_crack_theta__weakt__T0950K__theta30__rate1x__seed2007657,CANONICAL_SINGLE_CRACK_THETA,weak-T,oneD_v2_focused_weak_T_0016,950.0,30.0,rate1x,1.0,2007657,True,False,1000.0,1002.032071393018,TARGET_REACHED,235,3,612.6886270009027,0.6114461248222796,17.44204519430069,18.991341121697026,1.5492959273963365,2.362623670359051,0.24011468656025095,94.18021122315298,9909.035993025618,4.0025666035287575,0.2582088437916359,5f42d598d2ec04affefad599490737125fb372e623f144805d5ff26e6c7542ad
canonical_single_crack_theta__weakt__T1000K__theta30__rate1x__seed2008666,CANONICAL_SINGLE_CRACK_THETA,weak-T,oneD_v2_focused_weak_T_0016,1000.0,30.0,rate1x,1.0,2008666,True,False,1000.0,1002.1805283989765,TARGET_REACHED,185,1,1002.1805283989765,1.0,17.931652283867113,nan,nan,1.9683750799902373,0.28479602399761433,8.695320435235349,7108.923872477628,3.532534826932478,0.5990205717931044,937f7cb3d4e84d48718fc2e856fa2940f769a138ceaed2b3f7aa4cd25a206d7e
canonical_single_crack_theta__weakt__T1050K__theta30__rate1x__seed2009675,CANONICAL_SINGLE_CRACK_THETA,weak-T,oneD_v2_focused_weak_T_0016,1050.0,30.0,rate1x,1.0,2009675,True,False,1000.0,1001.2609350490958,TARGET_REACHED,218,1,1001.2609350490958,1.0,17.857594939625102,nan,nan,2.104519396368729,0.2666801934211097,650.0962807016712,7978.428725764424,3.7152253012704652,0.3095183964628348,211f4e3b1308a3bbc1fc7460e476b6a66a408d99c563476c28510761958f3450
canonical_single_crack_theta__weakt__T1100K__theta30__rate1x__seed2010684,CANONICAL_SINGLE_CRACK_THETA,weak-T,oneD_v2_focused_weak_T_0016,1100.0,30.0,rate1x,1.0,2010684,True,False,1000.0,1007.9149858697521,TARGET_REACHED,228,1,1007.9149858697521,1.0,17.422674125800977,nan,nan,1.9007412481129538,0.2952857400666016,33.493135510662725,6514.974313262768,3.2922661946467313,0.3825362469230989,f720ae04d0b49842f23b96964a23d76df05f476a174b9f32de658e4136ffb39f
canonical_single_crack_theta__weakt__T1150K__theta30__rate1x__seed2011693,CANONICAL_SINGLE_CRACK_THETA,weak-T,oneD_v2_focused_weak_T_0016,1150.0,30.0,rate1x,1.0,2011693,True,False,1000.0,1001.6049590110962,TARGET_REACHED,259,1,1001.6049590110962,1.0,17.141590478084332,nan,nan,1.8946405987201718,0.29628994113053153,47.52829476598967,6577.695759179797,3.4579528999178715,0.5614606636849787,461a7f6b2cb720a5e70f6e329f31fbf2d2a848808afc7e68cb32b4978fad3582
canonical_single_crack_theta__weakt__T1200K__theta30__rate1x__seed2012702,CANONICAL_SINGLE_CRACK_THETA,weak-T,oneD_v2_focused_weak_T_0016,1200.0,30.0,rate1x,1.0,2012702,True,False,1000.0,1001.7671883427042,TARGET_REACHED,219,1,1001.7671883427042,1.0,16.4900038910147,nan,nan,1.8377282282932814,0.30617990489059116,76.54239410480896,6052.730792457867,3.441512552939166,0.5452874144032287,0c920f672e198f542c2c8a5d3c74b128e850257ea9ac074d663fdf30ce362c27
canonical_single_crack_theta__weakt__T1250K__theta30__rate1x__seed2013711,CANONICAL_SINGLE_CRACK_THETA,weak-T,oneD_v2_focused_weak_T_0016,1250.0,30.0,rate1x,1.0,2013711,True,False,1000.0,1003.8294178514797,TARGET_REACHED,212,1,1003.8294178514797,1.0,16.29433473014895,nan,nan,2.039622431511552,0.27487166566037446,67.20422655885217,7553.94922402752,3.560964736906233,0.5068050946422777,adb14e6aad0b5f28de28e0a379740b7f6618b0e20f4465ea32a1895a07a3cad0
canonical_single_crack_theta__weakt__T1300K__theta30__rate1x__seed2014720,CANONICAL_SINGLE_CRACK_THETA,weak-T,oneD_v2_focused_weak_T_0016,1300.0,30.0,rate1x,1.0,2014720,True,False,1000.0,1003.0794209931287,TARGET_REACHED,207,1,1003.0794209931287,1.0,15.955313605026433,nan,nan,1.9513182075372653,0.28733559625091987,58.62809086624947,6871.262581923186,3.5874538615361207,0.6184569241275314,cf21f018678b1a14440a70c7223f97e2359ebd5ce06232776c37a6cbb4e670bf
canonical_single_crack_theta__ceramiclike__T0300K__theta30__rate1x__seed3003621,CANONICAL_SINGLE_CRACK_THETA,ceramic-like,oneD_v2_focused_ceramic_like_0018,300.0,30.0,rate1x,1.0,3003621,True,False,1000.0,1003.1865101046841,TARGET_REACHED,203,2,949.6588112218814,0.9466423258849274,15.38360658829931,15.786962062132757,0.4033554738334466,1.0,10.0,3.4443783388219616e-24,1.247904457409858e-44,6.563366343755139e-14,1.9514512341536827e-49,c4a3b7001297fd67bf66e98e512c959dfbbbb11dab734bc97a8806eaecd307a5
canonical_single_crack_theta__ceramiclike__T0600K__theta30__rate1x__seed3004630,CANONICAL_SINGLE_CRACK_THETA,ceramic-like,oneD_v2_focused_ceramic_like_0018,600.0,30.0,rate1x,1.0,3004630,True,False,1000.0,1003.6507584315046,TARGET_REACHED,227,1,1003.6507584315046,1.0,16.10899095248556,nan,nan,1.000000027239017,9.999426890360382,0.000633244542494189,3.759533118431201e-16,0.0011034065734025385,5.836523789224979e-21,55e0fd9578a0f386ff5a982f7c1b6903f35d07fb1298814cd99046cef2796af7
canonical_single_crack_theta__ceramiclike__T0800K__theta30__rate1x__seed3005639,CANONICAL_SINGLE_CRACK_THETA,ceramic-like,oneD_v2_focused_ceramic_like_0018,800.0,30.0,rate1x,1.0,3005639,True,False,1000.0,1011.4047700616209,TARGET_REACHED,222,1,1011.4047700616209,1.0,15.047699655228126,nan,nan,1.0355278748634655,0.8151003193313262,705.2136509344505,1.8019195028487654e-08,1.4427042085132127,4.0729473744521063e-13,16521861ef27f7b469fd6a830926e2073c13e617271ff8ddbc9883512d3e63c8
canonical_single_crack_theta__ceramiclike__T0900K__theta30__rate1x__seed3006648,CANONICAL_SINGLE_CRACK_THETA,ceramic-like,oneD_v2_focused_ceramic_like_0018,900.0,30.0,rate1x,1.0,3006648,True,False,1000.0,1004.3633978089031,TARGET_REACHED,227,1,1004.3633978089031,1.0,14.848593792745666,nan,nan,1.1177870923858932,0.4487006668675512,2821.219472734079,6.460098970374242e-07,2.6752665307754255,1.8735522059695135e-11,ccb86037d9effd97096d031ed858a3495f8ae83acc09051bc7a15fa109462a99
canonical_single_crack_theta__ceramiclike__T0950K__theta30__rate1x__seed3007657,CANONICAL_SINGLE_CRACK_THETA,ceramic-like,oneD_v2_focused_ceramic_like_0018,950.0,30.0,rate1x,1.0,3007657,True,False,1000.0,1002.0230840558789,TARGET_REACHED,230,1,1002.0230840558789,1.0,14.472201644064821,nan,nan,1.1679153745801707,0.37591606715265263,4095.1598751020188,3.3519607547732157e-06,2.951110405579205,5.022804569175518e-11,d27aff072291577218da5fa003771cfc022c08a78d478bd86af2e5a83d483f27
canonical_single_crack_theta__ceramiclike__T1000K__theta30__rate1x__seed3008666,CANONICAL_SINGLE_CRACK_THETA,ceramic-like,oneD_v2_focused_ceramic_like_0018,1000.0,30.0,rate1x,1.0,3008666,True,False,1000.0,1001.5297071093701,TARGET_REACHED,204,2,987.5822097859872,0.9860738056750824,14.244892047084091,14.332189294894354,0.08729724781026249,1.127773304799935,0.430843626810866,3112.0126243312766,0.00013380119814330796,2.7425836681063473,3.075104160210856e-09,6fb91b73a14aff7376b296850778a7e81ceb08e33f8a8ff50a8bc3f3e5ef8118
canonical_single_crack_theta__ceramiclike__T1050K__theta30__rate1x__seed3009675,CANONICAL_SINGLE_CRACK_THETA,ceramic-like,oneD_v2_focused_ceramic_like_0018,1050.0,30.0,rate1x,1.0,3009675,True,False,1000.0,1006.4902675462946,TARGET_REACHED,240,1,1006.4902675462946,1.0,13.619894102681231,nan,nan,1.163002621092459,0.3815307774945582,3902.94885580133,4.2138248008640435e-05,2.8971619268366022,6.575072637226174e-10,45cdfb3c79899cf77b1ebff8a726b8373a4db86227f9c909fa920a76110197fe
canonical_single_crack_theta__ceramiclike__T1100K__theta30__rate1x__seed3010684,CANONICAL_SINGLE_CRACK_THETA,ceramic-like,oneD_v2_focused_ceramic_like_0018,1100.0,30.0,rate1x,1.0,3010684,True,False,1000.0,1002.9910011282481,TARGET_REACHED,227,1,1002.9910011282481,1.0,12.961415963815533,nan,nan,1.113404379636013,0.4572711025102968,2726.144626408485,3.424309826423096e-05,2.572700463487601,7.92629278653777e-10,6b0b57998315c79a2f613ec0a531070477be559f067a30aa50d7d97277b94c10
canonical_single_crack_theta__ceramiclike__T1150K__theta30__rate1x__seed3011693,CANONICAL_SINGLE_CRACK_THETA,ceramic-like,oneD_v2_focused_ceramic_like_0018,1150.0,30.0,rate1x,1.0,3011693,True,False,1000.0,1000.4375127606936,TARGET_REACHED,219,1,1000.4375127606936,1.0,12.7423585258317,nan,nan,1.167799284952461,0.37604589702319385,4016.2331675708574,4.543936337801491e-05,3.026172831479944,7.21358192759996e-10,f8aacb7adbf65c4eea8812927fcb28f355be8f0b6a0fdeee5970ba01cf0d9a8d
canonical_single_crack_theta__ceramiclike__T1200K__theta30__rate1x__seed3012702,CANONICAL_SINGLE_CRACK_THETA,ceramic-like,oneD_v2_focused_ceramic_like_0018,1200.0,30.0,rate1x,1.0,3012702,True,False,1000.0,1000.162844644936,TARGET_REACHED,224,2,945.0656915712142,0.9449118177417583,12.496445272446163,13.004280439322292,0.507835166876129,1.3165006786536517,0.273900548758358,7644.223057440773,0.0006918526295578189,4.176487236994657,2.326983066158423e-08,fd7a1e56074d77ce8b4b3981e94ac1e244c22d230018e3c51a69eb42fb8baeaa
canonical_single_crack_theta__ceramiclike__T1250K__theta30__rate1x__seed3013711,CANONICAL_SINGLE_CRACK_THETA,ceramic-like,oneD_v2_focused_ceramic_like_0018,1250.0,30.0,rate1x,1.0,3013711,True,False,1000.0,1002.7839789325619,TARGET_REACHED,217,2,788.8895325762186,0.7866993780813805,12.193288978318995,11.981219913444011,-0.21206906487498323,1.458054511402015,0.22770469872042,11112.151843344347,0.0003591985796262177,5.088216682976281,1.1919963759930159e-08,7c4e515ec7e17400fdfeaf39791b3b9678b29918a18062a692cd49e07b90c7d3
canonical_single_crack_theta__ceramiclike__T1300K__theta30__rate1x__seed3014720,CANONICAL_SINGLE_CRACK_THETA,ceramic-like,oneD_v2_focused_ceramic_like_0018,1300.0,30.0,rate1x,1.0,3014720,True,False,1000.0,1008.0936673096749,TARGET_REACHED,224,1,1008.0936673096749,1.0,11.69091061437272,nan,nan,1.5081769922612187,0.21618929284082394,12191.997991444332,0.0002607110351197497,5.236002967009542,1.0900756286375071e-08,e2e68227fdb308d8bf852b1a55f6c2c94a9ffadac857c4bf9be4888dde1e13f4
canonical_strain_rate__peak__T0300K__theta45__rate1x__seed3621,CANONICAL_SINGLE_CRACK_THETA,Peak,v913_zeroD_sobol_0242980,300.0,45.0,rate1x,1.0,3621,True,False,1000.0,1001.2211139427953,TARGET_REACHED,230,1,1001.2211139427953,1.0,23.65090928124516,nan,nan,1.0,9.999999999999694,2.763975723740665e-13,1.0483318166392553e-17,2.963695543793913e-08,1.709634868201501e-22,bc895124137dab3b18a5d96bcc7eeeb73c2749305da4f1e1c9e44cd48ae89811
canonical_strain_rate__peak__T0600K__theta45__rate1x__seed4630,CANONICAL_SINGLE_CRACK_THETA,Peak,v913_zeroD_sobol_0242980,600.0,45.0,rate1x,1.0,4630,True,False,1000.0,1002.7450937422999,TARGET_REACHED,212,1,1002.7450937422999,1.0,22.430999071961818,nan,nan,1.000220935912586,9.284318786890832,0.6787166421168757,3.2128091185738375e-06,0.042464184697485176,4.267023520423596e-11,9117c04b577d2e5784633c31aeb72d00083ab8854cd2bf97146f95fb7b318887
canonical_strain_rate__peak__T0800K__theta45__rate1x__seed5639,CANONICAL_SINGLE_CRACK_THETA,Peak,v913_zeroD_sobol_0242980,800.0,45.0,rate1x,1.0,5639,True,False,1000.0,1004.9957096314472,TARGET_REACHED,215,2,736.9750878485563,0.7333116756476705,21.71171346594549,25.955152451316177,4.2434389853706875,1.2135670824892026,0.8010352341324114,708.8124076473442,0.2775663161187759,1.2217903033302968,1.7503406481813399e-06,94c1f12b765bec5b5ae23ed3e5c609cbaf712ca12c1cb9e66aac2aced53bfc70
canonical_strain_rate__peak__T0900K__theta45__rate1x__seed6648,CANONICAL_SINGLE_CRACK_THETA,Peak,v913_zeroD_sobol_0242980,900.0,45.0,rate1x,1.0,6648,True,False,1000.0,1003.2422683849476,TARGET_REACHED,201,2,947.1223517185922,0.9440614511221711,21.504786194143165,28.707119927308003,7.2023337331648385,1.4211032446379273,0.5703400888667429,1412.1648241078774,10.950940299675398,1.6296821480614048,5.2865914178173024e-05,a30321e1db4cbc3c07569709f12ba6e3c379931888b7af60dccc873fee037162
canonical_strain_rate__peak__T0950K__theta45__rate1x__seed7657,CANONICAL_SINGLE_CRACK_THETA,Peak,v913_zeroD_sobol_0242980,950.0,45.0,rate1x,1.0,7657,True,False,1000.0,1000.0927517280884,TARGET_REACHED,235,1,1000.0927517280884,1.0,21.3942020617338,nan,nan,1.0071062354894682,4.03010804139787,28.380414366718185,1.054818174212095,0.2050865736847691,2.3470814631688e-06,9cceb1e49a578b951500c8766dc1f6cbbbc1f70e9bb1fb773ec98625f3d9f146
canonical_strain_rate__peak__T1000K__theta45__rate1x__seed8666,CANONICAL_SINGLE_CRACK_THETA,Peak,v913_zeroD_sobol_0242980,1000.0,45.0,rate1x,1.0,8666,True,False,1000.0,1004.6850059332922,TARGET_REACHED,237,1,1004.6850059332922,1.0,20.648072976485736,nan,nan,1.0904652049700672,1.2252185019562976,313.9221179758553,61.04026978927126,0.7024243427552349,0.0001254553542621344,aecd9342532c2fd4c139dfe9d4e2609fc7909cd62af86680aad59342354d0035
canonical_strain_rate__peak__T1050K__theta45__rate1x__seed9675,CANONICAL_SINGLE_CRACK_THETA,Peak,v913_zeroD_sobol_0242980,1050.0,45.0,rate1x,1.0,9675,True,False,1000.0,1016.9566231926551,TARGET_REACHED,250,2,969.7803004209998,0.9536102900598169,20.596342132152298,29.010757961408558,8.41441582925626,1.039925381717225,1.8105743668771643,110.59486735841453,26.50937287465587,0.48638588722329756,5.310463142936073e-05,886a5e836b02db4bd213ee07e36143ae56087bf3d6890a3e2423b8802422df7c
canonical_strain_rate__peak__T1100K__theta45__rate1x__seed10684,CANONICAL_SINGLE_CRACK_THETA,Peak,v913_zeroD_sobol_0242980,1100.0,45.0,rate1x,1.0,10684,True,False,1000.0,1002.3504452000011,TARGET_REACHED,213,1,1002.3504452000011,1.0,20.509512428974073,nan,nan,1.06040972871007,1.492868892572275,172.8523043104638,85.84751781974121,0.5765937080334547,0.00013797368808238797,37a38db051fe762a3cb9479eaff1e06ab0b120f086234d5e7573ee51df591528
canonical_strain_rate__peak__T1150K__theta45__rate1x__seed11693,CANONICAL_SINGLE_CRACK_THETA,Peak,v913_zeroD_sobol_0242980,1150.0,45.0,rate1x,1.0,11693,True,False,1000.0,1000.8687544672443,TARGET_REACHED,222,2,935.5051795220496,0.9346931606632207,20.25194341170263,24.93419331147949,4.68224989977686,1.5390254478252858,0.5011963007323282,1372.6377833131044,899.3123052465778,1.8196909470916784,0.0002328103487390493,0044807b329b80007c39a04438a03797046c227e32b612282978efc73d9235dc
canonical_strain_rate__peak__T1200K__theta45__rate1x__seed12702,CANONICAL_SINGLE_CRACK_THETA,Peak,v913_zeroD_sobol_0242980,1200.0,45.0,rate1x,1.0,12702,True,False,1000.0,1000.4747008367638,TARGET_REACHED,201,1,1000.4747008367638,1.0,19.72257153594995,nan,nan,1.1407218675245907,0.9844278238722857,332.70656251157425,252.4426904750977,0.8741540270725674,0.0007826896843419459,a68735972dec9972c5faf3a864ae6100178c9d6bb868d6deea0707fd87da7e3b
canonical_strain_rate__peak__T1250K__theta45__rate1x__seed13711,CANONICAL_SINGLE_CRACK_THETA,Peak,v913_zeroD_sobol_0242980,1250.0,45.0,rate1x,1.0,13711,True,False,1000.0,1001.1734085655197,TARGET_REACHED,224,2,948.386031165325,0.9472744911634954,20.06723139424888,26.54176008671678,6.474528692467903,1.9272263374665137,0.3817355825685804,1946.9819834071925,1974.3443444180516,2.3338220687687707,0.020425343786039354,250ea97ba44fcb7242107f9f892feb57ccce74ddf4a9f5d314557142b788ca50
canonical_strain_rate__peak__T1300K__theta45__rate1x__seed14720,CANONICAL_SINGLE_CRACK_THETA,Peak,v913_zeroD_sobol_0242980,1300.0,45.0,rate1x,1.0,14720,True,False,1000.0,1010.7824250809134,TARGET_REACHED,196,2,956.2872425905545,0.9460861396694777,19.826207272942067,25.593528765981954,5.767321493039887,1.8970390502097376,0.3918227134980038,1542.5436021477235,2163.5706766875655,2.2871193600762436,0.035371084652559226,d0cb17d4f7dce09627529bf1f526e4972078a1c486fbfcc5f37012a69dcc2aaa
canonical_strain_rate__dbtt__T0300K__theta45__rate1x__seed1003621,CANONICAL_SINGLE_CRACK_THETA,DBTT,v913_zeroD_sobol_0202500,300.0,45.0,rate1x,1.0,1003621,True,False,1000.0,1001.8061338348662,TARGET_REACHED,227,2,952.7363226667911,0.9510186556951512,23.356551286461535,23.412144791268116,0.05559350480658054,1.0,9.999999999999996,2.3257521679401465e-15,1.0816945330755776e-15,1.8850822718729373e-09,4.085616355006789e-21,813d0ecc85efc65282d5295f2b9c58b0f0c57c35411aa54eaeb0ee4040271fa3
canonical_strain_rate__dbtt__T0600K__theta45__rate1x__seed1004630,CANONICAL_SINGLE_CRACK_THETA,DBTT,v913_zeroD_sobol_0202500,600.0,45.0,rate1x,1.0,1004630,True,False,1000.0,1007.4102822072751,TARGET_REACHED,210,1,1007.4102822072751,1.0,23.28906476413479,nan,nan,1.0,9.999999999999993,3.483410338620487e-16,6.9897382586099744e-15,2.9898936382740074e-09,2.19835495183419e-20,1c1ce85154e260c13d6adf73dd7770929da83ea6676cabe0f5b45e36581be69c
canonical_strain_rate__dbtt__T0800K__theta45__rate1x__seed1005639,CANONICAL_SINGLE_CRACK_THETA,DBTT,v913_zeroD_sobol_0202500,800.0,45.0,rate1x,1.0,1005639,True,False,1000.0,1000.2412076237914,TARGET_REACHED,252,1,1000.2412076237914,1.0,22.71748643128928,nan,nan,1.0000000000000193,9.99999999993628,7.840118415651877e-22,7.2256168207909e-11,3.0337123719382976e-07,1.9044782807999757e-16,a9c32d1cb3785cdad9a34575534477936e98393b889c064870956298c1daa05b
canonical_strain_rate__dbtt__T0900K__theta45__rate1x__seed1006648,CANONICAL_SINGLE_CRACK_THETA,DBTT,v913_zeroD_sobol_0202500,900.0,45.0,rate1x,1.0,1006648,True,False,1000.0,1008.7919500346605,TARGET_REACHED,229,1,1008.7919500346605,1.0,22.38531183069627,nan,nan,1.000000000102652,9.99999965875956,3.65282958511455e-20,4.106766738836776e-07,2.2200126637107428e-05,6.596159379045973e-13,e636f438d77cabc135519dfb7d53289fc92697a104c3746ef9eaa325d138c3cc
canonical_strain_rate__dbtt__T0950K__theta45__rate1x__seed1007657,CANONICAL_SINGLE_CRACK_THETA,DBTT,v913_zeroD_sobol_0202500,950.0,45.0,rate1x,1.0,1007657,True,False,1000.0,1001.0648778298198,TARGET_REACHED,231,2,567.6044980954615,0.5670007116081779,21.172742574987733,22.097242533523055,0.9244999585353213,1.0005532120042993,8.550437511738606,1.0146055037785975e-13,2.1471157831406567,0.05153678242845437,4.224683681257208e-06,51376212707b7d658316d22943c3eb27dad4c60604749c3f5ed3e38cd03d3ee1
canonical_strain_rate__dbtt__T1000K__theta45__rate1x__seed1008666,CANONICAL_SINGLE_CRACK_THETA,DBTT,v913_zeroD_sobol_0202500,1000.0,45.0,rate1x,1.0,1008666,True,False,1000.0,1001.4980975729417,TARGET_REACHED,232,5,950.9170980240076,0.9494946623747829,21.979854187289952,32.71172912959429,10.731874942304337,4.439992346899511,0.20905710060724655,0.0016649498948326544,13125.378763678984,4.373933730338279,0.6594767134827627,770a075db292fe538976ad09bda3b0014a5b45d10672babc7956e48f895e4403
canonical_strain_rate__dbtt__T1050K__theta45__rate1x__seed1009675,CANONICAL_SINGLE_CRACK_THETA,DBTT,v913_zeroD_sobol_0202500,1050.0,45.0,rate1x,1.0,1009675,True,False,1000.0,1000.420215450165,TARGET_REACHED,238,5,950.1924193818201,0.9497933015620404,21.63989445740684,33.963349548895714,12.323455091488874,4.807203504478851,0.19872374783862803,5.888178817333643e-09,14685.009449901887,5.026593623649318,0.25791670325746613,fc24f00e980a22ce6bb1199b9d7b93c622f1aa2ab8ad8023b7c2c2174ed987dd
canonical_strain_rate__dbtt__T1100K__theta45__rate1x__seed1010684,CANONICAL_SINGLE_CRACK_THETA,DBTT,v913_zeroD_sobol_0202500,1100.0,45.0,rate1x,1.0,1010684,True,False,1000.0,1002.6250357879868,TARGET_REACHED,211,5,942.548411464124,0.9400806660720903,21.649751248538777,35.42296226489163,13.773211016352853,5.295047191329102,0.18710206699209436,4.244774069190854,16157.68131484664,5.163983202161595,0.2644178323322844,a6f35ec42dc4dc669ae598cf9990c65a8faad61508bf63619bfa9c277c05f900
canonical_strain_rate__dbtt__T1150K__theta45__rate1x__seed1011693,CANONICAL_SINGLE_CRACK_THETA,DBTT,v913_zeroD_sobol_0202500,1150.0,45.0,rate1x,1.0,1011693,True,False,1000.0,1008.5300386811687,TARGET_REACHED,210,7,945.3991429456831,0.9374030585960134,21.439598021625514,32.06271014453169,10.623112122906178,4.785842612286592,0.19928336757538714,5.753776019293563e-09,14639.852830227708,5.003753644509302,0.24656897295042424,9e192d226f323d6718f05ed70234d36f571ec65d1c8b6e68d6be65aaef8fefdd
canonical_strain_rate__dbtt__T1200K__theta45__rate1x__seed1012702,CANONICAL_SINGLE_CRACK_THETA,DBTT,v913_zeroD_sobol_0202500,1200.0,45.0,rate1x,1.0,1012702,True,False,1000.0,1000.5904809747533,TARGET_REACHED,212,4,945.8550116733477,0.9452968318786288,21.27480423805731,29.625317952999602,8.350513714942291,4.788641319430396,0.19920977689426,5.642450687737668e-09,14483.906393338455,4.660279048465752,0.18725067369673373,ffd91960fc12097868352a7a1b4c85b8de22cbe917d70f9bcc71e2d822ad0621
canonical_strain_rate__dbtt__T1250K__theta45__rate1x__seed1013711,CANONICAL_SINGLE_CRACK_THETA,DBTT,v913_zeroD_sobol_0202500,1250.0,45.0,rate1x,1.0,1013711,True,False,1000.0,1003.8899710057964,TARGET_REACHED,200,4,959.8599967606367,0.9561406374036727,21.173078337109384,30.73541733893536,9.562339001825976,4.338287712247668,0.21221637305678717,4.868653091620314e-09,12597.951879446564,4.426810486971676,0.21910517140677507,2a95bbdf5abafd1bce4bc322e267fdbddbfad4d8bde45d06d0397c6b853f35bf
canonical_strain_rate__dbtt__T1300K__theta45__rate1x__seed1014720,CANONICAL_SINGLE_CRACK_THETA,DBTT,v913_zeroD_sobol_0202500,1300.0,45.0,rate1x,1.0,1014720,True,False,1000.0,1001.1022760851504,TARGET_REACHED,203,3,947.2920671625114,0.9462490394757008,20.58964680731953,31.258739933156857,10.669093125837328,4.178024701024259,0.21749896969366586,4.597911830025865e-09,11987.65128756577,4.3363416805802215,0.22205882964647705,843bbe52b36310de5b9c825d4fc534ccb0ca0faee3aa96001c4e5a8fa7c69073
canonical_strain_rate__weakt__T0300K__theta45__rate1x__seed2003621,CANONICAL_SINGLE_CRACK_THETA,weak-T,oneD_v2_focused_weak_T_0016,300.0,45.0,rate1x,1.0,2003621,True,False,1000.0,1000.8908767072998,TARGET_REACHED,230,1,1000.8908767072998,1.0,19.188341909836176,nan,nan,1.331892987862544,0.4859085266924797,643.0726629103975,2217.770439274241,1.746796293507815,0.1075422447174523,05cb436a20bb364554d689e35812d3c9a516cc2c8c93fb37edd4d843e2257387
canonical_strain_rate__weakt__T0600K__theta45__rate1x__seed2004630,CANONICAL_SINGLE_CRACK_THETA,weak-T,oneD_v2_focused_weak_T_0016,600.0,45.0,rate1x,1.0,2004630,True,False,1000.0,1002.2874560836916,TARGET_REACHED,198,1,1002.2874560836916,1.0,17.683901371662486,nan,nan,1.4218128973754034,0.4312883261450876,57.95378171846221,3091.2391453302334,1.9685121265344163,0.1490497366586366,26a3015bd73443cb4cd93653da4face54f1e04ee141808c04111ef9d5fa69ebe
canonical_strain_rate__weakt__T0800K__theta45__rate1x__seed2005639,CANONICAL_SINGLE_CRACK_THETA,weak-T,oneD_v2_focused_weak_T_0016,800.0,45.0,rate1x,1.0,2005639,True,False,1000.0,1010.4336518114288,TARGET_REACHED,216,1,1010.4336518114288,1.0,16.770575161106894,nan,nan,1.4028551055464593,0.4413002643403725,9.915609493313722,2932.7961538842173,1.9237801813459987,0.1346922304062381,7e088ad9be40b9872cac912dac364bfb759585209cb495d0b35a09abb1c6cd7a
canonical_strain_rate__weakt__T0900K__theta45__rate1x__seed2006648,CANONICAL_SINGLE_CRACK_THETA,weak-T,oneD_v2_focused_weak_T_0016,900.0,45.0,rate1x,1.0,2006648,True,False,1000.0,1005.8796371038155,TARGET_REACHED,206,1,1005.8796371038155,1.0,16.227683096900858,nan,nan,1.430062504147326,0.42713935453838003,7.387083469130065,3108.7853243426166,1.9883998400025684,0.1620234962923605,b2cc475a5cdb1dd30275efad4793854bcf258226d5d651a98b2d2f61517816f7
canonical_strain_rate__weakt__T0950K__theta45__rate1x__seed2007657,CANONICAL_SINGLE_CRACK_THETA,weak-T,oneD_v2_focused_weak_T_0016,950.0,45.0,rate1x,1.0,2007657,True,False,1000.0,1003.4370595060819,TARGET_REACHED,240,2,916.170372885349,0.9130322267908982,15.336412970415301,17.422684003586266,2.0862710331709646,1.5972489523064208,0.3625505852838601,20.110884920740236,4357.860284594231,2.34262814539485,0.22654993113054664,99701e3e4eafbc91d1fcd83af4dc16afcc5ff120e9b68827137decb1567a4a4b
canonical_strain_rate__weakt__T1000K__theta45__rate1x__seed2008666,CANONICAL_SINGLE_CRACK_THETA,weak-T,oneD_v2_focused_weak_T_0016,1000.0,45.0,rate1x,1.0,2008666,True,False,1000.0,1003.5661292806595,TARGET_REACHED,190,3,946.171743845458,0.9428095630565562,15.862080886520104,17.991649442103462,2.129568555583358,1.7184801505846787,0.33058800185511616,84.51820469955732,5262.8559650365605,2.5694229732823364,0.2723863900897755,9d007372f93524e84beecaf48cf57c34931e01015ef780f43dc4d7b467c183ea
canonical_strain_rate__weakt__T1050K__theta45__rate1x__seed2009675,CANONICAL_SINGLE_CRACK_THETA,weak-T,oneD_v2_focused_weak_T_0016,1050.0,45.0,rate1x,1.0,2009675,True,False,1000.0,1006.5975626506502,TARGET_REACHED,233,1,1006.5975626506502,1.0,15.725700229153203,nan,nan,1.783527478579697,0.3165826144696592,431.93763108922207,5700.511281448162,2.6875943785966614,0.29263093741538826,d9db3a91793fe4933b8e9c612cce9d328345a53808c8af1ad27c868ec4f0f007
canonical_strain_rate__weakt__T1100K__theta45__rate1x__seed2010684,CANONICAL_SINGLE_CRACK_THETA,weak-T,oneD_v2_focused_weak_T_0016,1100.0,45.0,rate1x,1.0,2010684,True,False,1000.0,1002.7425457065071,TARGET_REACHED,228,2,877.5482745764773,0.8751481408003675,15.252952267967714,16.87480227883042,1.6218500108627047,1.709195126248093,0.33274266951260606,24.943923626071115,5127.4822746071595,2.559659420426696,0.2667206101256038,15ddc40c3d545b9aa338e81a7aa1cf984a555e152ef978cd73908e3632cf6449
canonical_strain_rate__weakt__T1150K__theta45__rate1x__seed2011693,CANONICAL_SINGLE_CRACK_THETA,weak-T,oneD_v2_focused_weak_T_0016,1150.0,45.0,rate1x,1.0,2011693,True,False,1000.0,1000.8427254164318,TARGET_REACHED,260,1,1000.8427254164318,1.0,15.046816808359642,nan,nan,1.5255673276884374,0.38642998220354974,22.175519798865658,3804.445903996364,2.207581162523063,0.19660717743612433,b0c2bb64d1bfc78a9fb47d3695f9f42a4877b25084985d5dd2b8fd7c7d6572a1
canonical_strain_rate__weakt__T1200K__theta45__rate1x__seed2012702,CANONICAL_SINGLE_CRACK_THETA,weak-T,oneD_v2_focused_weak_T_0016,1200.0,45.0,rate1x,1.0,2012702,True,False,1000.0,1004.3721350531833,TARGET_REACHED,223,1,1004.3721350531833,1.0,14.537706479757443,nan,nan,1.5051974438875986,0.3941520011825118,31.69929169676357,3641.025473606435,2.159599192882197,0.18894485960944774,d96f5d9098cd27ff62a9d236193b1b7479e05aeb80cb1e4db1d62c1ede482381
canonical_strain_rate__weakt__T1250K__theta45__rate1x__seed2013711,CANONICAL_SINGLE_CRACK_THETA,weak-T,oneD_v2_focused_weak_T_0016,1250.0,45.0,rate1x,1.0,2013711,True,False,1000.0,1001.6546902595618,TARGET_REACHED,215,1,1001.6546902595618,1.0,14.439232771095222,nan,nan,1.5589071540114996,0.37476316229643764,18.64451485458784,4027.4832104897973,2.2776188903592622,0.20697211041083402,8dc157c558deb631e41ff8c94e1e014bf54f516a6da0976f365b69e936422e8b
canonical_strain_rate__weakt__T1300K__theta45__rate1x__seed2014720,CANONICAL_SINGLE_CRACK_THETA,weak-T,oneD_v2_focused_weak_T_0016,1300.0,45.0,rate1x,1.0,2014720,True,False,1000.0,1004.6990634566095,TARGET_REACHED,216,1,1004.6990634566095,1.0,14.191300354607566,nan,nan,1.6620931524368292,0.34436159959939594,48.08319430646663,4787.803845271501,2.510055919628315,0.24805433106033425,6f2bedbd6988819c665fcd722f57a315d542db9b72039d1f4ed06ae7de2c611b
canonical_strain_rate__ceramiclike__T0300K__theta45__rate1x__seed3003621,CANONICAL_SINGLE_CRACK_THETA,ceramic-like,oneD_v2_focused_ceramic_like_0018,300.0,45.0,rate1x,1.0,3003621,True,False,1000.0,1002.1221210976463,TARGET_REACHED,211,1,1002.1221210976463,1.0,15.394954127787303,nan,nan,1.0,10.0,1.0742645527112753e-28,6.297205316243366e-56,3.688989907499243e-16,1.0280626073142957e-60,2dc7c7d317e5792098737496d8195ae3ebc8b8bd0e25675bf9656ae820c6bea0
canonical_strain_rate__ceramiclike__T0600K__theta45__rate1x__seed3004630,CANONICAL_SINGLE_CRACK_THETA,ceramic-like,oneD_v2_focused_ceramic_like_0018,600.0,45.0,rate1x,1.0,3004630,True,False,1000.0,1001.3219679869561,TARGET_REACHED,233,2,949.2219976767468,0.9479688132529935,16.102183591686817,15.650328397332627,-0.45185519435418975,1.0000007122379928,9.985046812137082,0.015701998284307014,6.733102323763119e-15,0.004677044590082077,1.0992766375619623e-19,06d1ae101fed7d227f129bd15d08e52ccb1f9847786388612a189c6585403012
canonical_strain_rate__ceramiclike__T0800K__theta45__rate1x__seed3005639,CANONICAL_SINGLE_CRACK_THETA,ceramic-like,oneD_v2_focused_ceramic_like_0018,800.0,45.0,rate1x,1.0,3005639,True,False,1000.0,1000.2291103854404,TARGET_REACHED,223,1,1000.2291103854404,1.0,14.596884139880348,nan,nan,1.0012616039163877,3.9811603840985925,29.52885366022942,8.365211437460647e-10,0.2062287820174705,2.64330145484204e-15,e3caaafd95d72eac0cf7d48e139c2809ce1ed5bf7025f64b52bf3e60376452f2
canonical_strain_rate__ceramiclike__T0900K__theta45__rate1x__seed3006648,CANONICAL_SINGLE_CRACK_THETA,ceramic-like,oneD_v2_focused_ceramic_like_0018,900.0,45.0,rate1x,1.0,3006648,True,False,1000.0,1002.2393811910486,TARGET_REACHED,229,2,691.4680985057821,0.6899230976975284,14.19862822133196,14.36392235409388,0.16529413276191995,1.060010721238653,0.6280159009179132,1433.977372862867,0.1283122442234777,1.4190964062052092,3.037241992407289e-07,741d1f6f2674ae7927325f6be7463d40a5b67cbb01d1cd5fc3fa20be862a006d
canonical_strain_rate__ceramiclike__T0950K__theta45__rate1x__seed3007657,CANONICAL_SINGLE_CRACK_THETA,ceramic-like,oneD_v2_focused_ceramic_like_0018,950.0,45.0,rate1x,1.0,3007657,True,False,1000.0,1008.029533296157,TARGET_REACHED,232,3,937.3289702537714,0.9298626074861104,13.870979019189425,14.45470457374684,0.5837255545574145,1.067677518504666,0.5915070054227805,1664.8655560911066,0.0003867710330087785,1.4818186000436486,6.299559718059655e-09,2ebfd2bb73c72e91284ff53273fa025b2d8423645af613fff91730593e52ee74
canonical_strain_rate__ceramiclike__T1000K__theta45__rate1x__seed3008666,CANONICAL_SINGLE_CRACK_THETA,ceramic-like,oneD_v2_focused_ceramic_like_0018,1000.0,45.0,rate1x,1.0,3008666,True,False,1000.0,1002.8169146859649,TARGET_REACHED,212,1,1002.8169146859649,1.0,13.646625529766137,nan,nan,1.0796463699295742,0.5453977156676886,1913.1550428336323,2.3740875367071768e-06,1.5630444632826122,2.1686650694921237e-11,88c2bc4df62a09445959da766937cfbdeb7b0bcadf1f0d9e613cb236b1454aea
canonical_strain_rate__ceramiclike__T1050K__theta45__rate1x__seed3009675,CANONICAL_SINGLE_CRACK_THETA,ceramic-like,oneD_v2_focused_ceramic_like_0018,1050.0,45.0,rate1x,1.0,3009675,True,False,1000.0,1000.4628598506737,TARGET_REACHED,242,1,1000.4628598506737,1.0,13.106485089229562,nan,nan,1.1059182850968736,0.47311978653598763,2568.871303808535,5.218100032944347e-06,1.9570681283293128,8.491138503735387e-11,ad97232ef341c938e2a883d9543aa77f5a69736e088657288668e6fc226d54b6
canonical_strain_rate__ceramiclike__T1100K__theta45__rate1x__seed3010684,CANONICAL_SINGLE_CRACK_THETA,ceramic-like,oneD_v2_focused_ceramic_like_0018,1100.0,45.0,rate1x,1.0,3010684,True,False,1000.0,1006.2922105967024,TARGET_REACHED,232,1,1006.2922105967024,1.0,12.518191521095071,nan,nan,1.1058970837706275,0.47316703906291313,2518.337596644334,6.426886767133889e-06,1.8612449053522588,6.787376188998974e-11,de73859d58eefb11407f52eedd7220f6c101b411c1a2d875af1552308b81bd15
canonical_strain_rate__ceramiclike__T1150K__theta45__rate1x__seed3011693,CANONICAL_SINGLE_CRACK_THETA,ceramic-like,oneD_v2_focused_ceramic_like_0018,1150.0,45.0,rate1x,1.0,3011693,True,False,1000.0,1001.6835286677328,TARGET_REACHED,226,1,1001.6835286677328,1.0,12.31034868836661,nan,nan,1.1180993729803448,0.44810823548969775,2855.8235715964747,5.3421230918459764e-05,2.1179292857883008,2.558748195527591e-10,9cd3e59a2a7c31e5008315469fd0371cf3b8eba3162b09762c99aed836dbda3b
canonical_strain_rate__ceramiclike__T1200K__theta45__rate1x__seed3012702,CANONICAL_SINGLE_CRACK_THETA,ceramic-like,oneD_v2_focused_ceramic_like_0018,1200.0,45.0,rate1x,1.0,3012702,True,False,1000.0,1001.5636417948334,TARGET_REACHED,231,2,946.6828087949762,0.9452048469915411,12.100318044588942,12.658760204643945,0.5584421600550034,1.1885299738386808,0.35479661818497543,4506.8255517750595,3.3705820851226716e-05,3.0267091071580623,8.831292510649032e-11,db4cdaba2e57fe80542b60e0831a5cf53f14d3d285794a55e7ca11d68a2d6192
canonical_strain_rate__ceramiclike__T1250K__theta45__rate1x__seed3013711,CANONICAL_SINGLE_CRACK_THETA,ceramic-like,oneD_v2_focused_ceramic_like_0018,1250.0,45.0,rate1x,1.0,3013711,True,False,1000.0,1000.1899754973863,TARGET_REACHED,220,1,1000.1899754973863,1.0,11.812281735182367,nan,nan,1.2635083148916564,0.3001582640168248,6319.703556358077,3.547762615279393e-05,3.1545685700313677,5.738818187918699e-10,4fec47ec3ddb1bab456b3a5392ed07fb63c5b86269e2bb0b8bf2a9e11f050a84
canonical_strain_rate__ceramiclike__T1300K__theta45__rate1x__seed3014720,CANONICAL_SINGLE_CRACK_THETA,ceramic-like,oneD_v2_focused_ceramic_like_0018,1300.0,45.0,rate1x,1.0,3014720,True,False,1000.0,1001.5708115050081,TARGET_REACHED,233,2,678.0157189314914,0.6769523543848813,11.358132928594127,11.923686721276788,0.5655537926826604,1.440296402016538,0.23224879301189486,10623.796445305816,0.0005575861561572652,3.705793797838091,1.4017548622853364e-09,3e4e35e74586b3aaa11db7e459b90be7d31343b93a77ae4f8b79fbfe694b78e3
